txn_id,user_id,merchant_id,amount,txn_time,status,payment_mode,city,txn_type,time_difference,risk_score,risk_level
10032208,19,171,609.06,2024-01-27 23:54:58,FAILED,UPI,Hyderabad,DEBIT,1965.1,40,MEDIUM
10069261,102,224,4403.4,2024-03-03 01:02:54,FAILED,UPI,Kochi,DEBIT,27582.533333333333,40,MEDIUM
10115550,150,352,945.43,2024-04-14 08:35:23,SUCCESS,UPI,Jaipur,DEBIT,2.283333333333333,30,MEDIUM
10107084,165,585,46275.13,2024-04-07 00:16:33,FAILED,CARD,Hyderabad,DEBIT,29269.4,40,MEDIUM
10156868,171,120,6468.27,2024-05-21 04:26:12,FAILED,UPI,Ahmedabad,DEBIT,6281.866666666667,40,MEDIUM
10176547,175,61,1362.16,2024-06-09 02:30:15,FAILED,CARD,Coimbatore,DEBIT,16570.083333333332,40,MEDIUM
10124849,218,515,4327.92,2024-04-22 03:37:16,FAILED,UPI,Delhi,DEBIT,1055.6166666666666,40,MEDIUM
10026304,286,767,2306.61,2024-01-23 02:56:14,FAILED,NETBANKING,Bhopal,DEBIT,816.0,40,MEDIUM
10078729,287,335,3631.14,2024-03-11 00:01:42,FAILED,UPI,Mumbai,DEBIT,93603.8,40,MEDIUM
10095271,318,541,2571.09,2024-03-24 23:03:52,FAILED,UPI,Nagpur,DEBIT,20431.75,40,MEDIUM
10039338,346,758,2311.15,2024-02-06 03:19:36,FAILED,NETBANKING,Chennai,DEBIT,3229.6,40,MEDIUM
10143826,371,487,442.8,2024-05-10 04:40:32,FAILED,CARD,Chennai,DEBIT,3462.9,40,MEDIUM
10011855,382,121,910.17,2024-01-11 01:56:56,FAILED,CARD,Bhopal,DEBIT,2415.35,40,MEDIUM
10165384,424,704,2911.15,2024-05-28 04:05:13,FAILED,UPI,Pune,DEBIT,14089.9,40,MEDIUM
10057641,458,280,40547.49,2024-02-21 12:52:03,SUCCESS,UPI,Indore,DEBIT,1.1833333333333333,30,MEDIUM
10079990,558,712,3623.29,2024-03-11 23:30:36,FAILED,CARD,Hyderabad,DEBIT,27836.3,40,MEDIUM
10073991,609,288,538.13,2024-03-07 02:57:51,FAILED,UPI,Bengaluru,DEBIT,11077.483333333334,40,MEDIUM
10057192,627,589,191.28,2024-02-21 02:58:37,FAILED,UPI,Visakhapatnam,DEBIT,49567.51666666667,40,MEDIUM
10003486,643,715,2324.42,2024-01-03 23:28:56,FAILED,CARD,Nagpur,DEBIT,411.46666666666664,40,MEDIUM
10032254,720,773,3945.45,2024-01-28 03:40:50,FAILED,UPI,Jaipur,DEBIT,,40,MEDIUM
10050287,737,155,981.94,2024-02-15 10:37:20,SUCCESS,UPI,Bengaluru,DEBIT,1.5166666666666666,30,MEDIUM
10154433,790,473,1767.58,2024-05-19 02:27:17,FAILED,UPI,Kolkata,DEBIT,35158.666666666664,40,MEDIUM
10044128,800,471,4711.81,2024-02-10 00:40:59,FAILED,UPI,Bhopal,DEBIT,36044.2,40,MEDIUM
10131762,808,457,2440.16,2024-04-28 01:40:06,FAILED,UPI,Chandigarh,DEBIT,13944.85,40,MEDIUM
10137761,808,721,633.57,2024-05-04 23:15:17,FAILED,UPI,Chandigarh,DEBIT,4751.3,40,MEDIUM
10046510,834,785,4954.3,2024-02-11 23:11:35,FAILED,CARD,Ahmedabad,DEBIT,30563.033333333333,40,MEDIUM
10055922,838,209,4183.07,2024-02-20 01:39:53,FAILED,UPI,Surat,DEBIT,9149.683333333332,40,MEDIUM
10110857,881,249,4557.13,2024-04-10 09:00:55,SUCCESS,UPI,Visakhapatnam,DEBIT,4.016666666666667,30,MEDIUM
10016615,904,363,1301.59,2024-01-15 00:20:06,FAILED,UPI,Visakhapatnam,DEBIT,5207.283333333334,40,MEDIUM
10170719,929,646,4316.74,2024-06-04 11:01:53,SUCCESS,CARD,Indore,DEBIT,1.6333333333333333,30,MEDIUM
10142460,953,110,2985.08,2024-05-08 21:02:54,SUCCESS,UPI,Delhi,DEBIT,3.95,30,MEDIUM
10174575,974,755,4102.09,2024-06-07 13:57:15,SUCCESS,CARD,Chennai,DEBIT,4.266666666666667,30,MEDIUM
10138945,976,236,4894.92,2024-05-06 01:49:46,FAILED,WALLET,Lucknow,DEBIT,7143.983333333334,40,MEDIUM
10040539,986,624,528.35,2024-02-07 00:33:51,FAILED,UPI,Indore,DEBIT,34105.23333333333,40,MEDIUM
10070440,1057,284,17337.74,2024-03-04 00:01:26,FAILED,UPI,Mumbai,DEBIT,15192.266666666666,40,MEDIUM
10198517,1060,636,1233.65,2024-06-27 10:39:44,SUCCESS,CARD,Chennai,DEBIT,4.533333333333333,30,MEDIUM
10009416,1068,712,17494.73,2024-01-09 00:15:34,FAILED,UPI,Kolkata,DEBIT,,40,MEDIUM
10126002,1180,116,4301.25,2024-04-23 01:43:38,FAILED,CARD,Kochi,DEBIT,2253.116666666667,40,MEDIUM
10156798,1266,678,14234.25,2024-05-20 23:27:44,FAILED,UPI,Ahmedabad,DEBIT,10697.916666666666,40,MEDIUM
10105943,1277,436,78.7,2024-04-05 23:23:12,FAILED,WALLET,Coimbatore,DEBIT,11768.4,40,MEDIUM
10134121,1301,551,1668.59,2024-05-02 00:20:51,FAILED,NETBANKING,Pune,DEBIT,5742.266666666666,40,MEDIUM
10026105,1326,507,3108.83,2024-01-22 20:08:54,SUCCESS,UPI,Delhi,DEBIT,0.5166666666666667,30,MEDIUM
10027453,1343,741,1857.79,2024-01-23 23:09:00,FAILED,UPI,Kolkata,DEBIT,6405.583333333333,40,MEDIUM
10019035,1359,471,3141.84,2024-01-17 02:24:08,FAILED,UPI,Pune,DEBIT,14655.066666666668,40,MEDIUM
10156817,1408,793,1977.38,2024-05-21 00:13:36,FAILED,UPI,Coimbatore,DEBIT,25502.733333333334,40,MEDIUM
10065711,1414,74,4594.34,2024-02-28 04:50:46,FAILED,UPI,Mumbai,DEBIT,4562.616666666667,40,MEDIUM
10124375,1473,493,192.91,2024-04-21 16:58:11,SUCCESS,CARD,Thiruvananthapuram,DEBIT,0.35,30,MEDIUM
10014216,1476,319,19474.4,2024-01-12 23:15:07,FAILED,UPI,Indore,DEBIT,,40,MEDIUM
10121341,1476,342,230.75,2024-04-19 04:59:46,FAILED,WALLET,Indore,DEBIT,22617.666666666668,40,MEDIUM
10060781,1517,78,2670.79,2024-02-24 02:17:05,FAILED,UPI,Kochi,DEBIT,53558.916666666664,40,MEDIUM
10186119,1527,768,322.53,2024-06-16 23:05:35,FAILED,UPI,Chennai,DEBIT,17867.633333333335,40,MEDIUM
10011847,1533,282,2254.92,2024-01-11 01:10:22,FAILED,UPI,Surat,DEBIT,370.6,40,MEDIUM
10171683,1534,798,1084.31,2024-06-05 03:26:33,FAILED,CARD,Indore,DEBIT,22197.133333333335,40,MEDIUM
10166367,1571,669,2510.8,2024-05-28 19:13:02,SUCCESS,UPI,Delhi,DEBIT,1.95,30,MEDIUM
10121296,1667,507,3722.11,2024-04-19 01:38:51,FAILED,UPI,Indore,DEBIT,1811.9833333333333,40,MEDIUM
10180110,1731,766,4546.49,2024-06-12 03:17:19,FAILED,NETBANKING,Coimbatore,DEBIT,77382.35,40,MEDIUM
10002343,1744,87,1945.49,2024-01-03 01:53:35,FAILED,UPI,Indore,DEBIT,,40,MEDIUM
10078757,1789,756,3977.08,2024-03-11 01:10:20,FAILED,UPI,Ahmedabad,DEBIT,11172.683333333332,40,MEDIUM
10065696,1824,497,2749.4,2024-02-28 03:58:19,FAILED,UPI,Thiruvananthapuram,DEBIT,16576.466666666667,40,MEDIUM
10031065,1832,39,2040.52,2024-01-27 03:52:54,FAILED,CARD,Lucknow,DEBIT,,40,MEDIUM
10148327,1876,742,1651.55,2024-05-13 18:16:17,SUCCESS,UPI,Kolkata,DEBIT,1.9333333333333333,30,MEDIUM
10008271,1897,704,320.29,2024-01-08 03:43:23,FAILED,NETBANKING,Ahmedabad,DEBIT,,40,MEDIUM
10029849,1947,640,2741.65,2024-01-26 04:44:38,FAILED,CARD,Pune,DEBIT,34073.583333333336,40,MEDIUM
10156072,1951,770,3033.86,2024-05-20 13:20:56,SUCCESS,UPI,Vadodara,DEBIT,3.0166666666666666,30,MEDIUM
10039300,2004,681,398.97,2024-02-06 01:09:55,FAILED,UPI,Chandigarh,DEBIT,13538.05,40,MEDIUM
10060218,2012,621,4564.16,2024-02-23 15:24:50,SUCCESS,CARD,Mumbai,DEBIT,1.4666666666666666,30,MEDIUM
10141211,2043,777,699.11,2024-05-07 20:35:12,SUCCESS,UPI,Bengaluru,DEBIT,0.7333333333333333,30,MEDIUM
10151021,2124,420,135.17,2024-05-16 04:20:13,FAILED,CARD,Indore,DEBIT,3828.25,40,MEDIUM
10149826,2207,217,3440.4,2024-05-14 23:01:43,FAILED,UPI,Lucknow,REFUND,3235.8333333333335,40,MEDIUM
10189805,2215,491,139.8,2024-06-20 01:32:11,FAILED,UPI,Thiruvananthapuram,DEBIT,9084.166666666666,40,MEDIUM
10124803,2254,326,1246.79,2024-04-21 23:13:56,FAILED,CARD,Surat,DEBIT,53235.916666666664,40,MEDIUM
10110209,2347,327,3109.07,2024-04-09 17:06:47,SUCCESS,UPI,Pune,DEBIT,0.2833333333333333,30,MEDIUM
10123965,2389,528,2588.45,2024-04-21 11:19:52,SUCCESS,UPI,Bengaluru,DEBIT,4.633333333333334,30,MEDIUM
10159642,2397,694,232.29,2024-05-23 10:07:35,SUCCESS,UPI,Pune,DEBIT,4.216666666666667,30,MEDIUM
10154708,2416,605,2833.61,2024-05-19 11:09:45,SUCCESS,UPI,Ahmedabad,DEBIT,3.0,30,MEDIUM
10034216,2445,76,486.0,2024-02-01 18:17:31,FAILED,UPI,Lucknow,DEBIT,4.766666666666667,50,MEDIUM
10005534,2453,554,20953.14,2024-01-05 18:31:31,SUCCESS,NETBANKING,Mumbai,DEBIT,2.0,30,MEDIUM
10068127,2456,779,42235.44,2024-03-02 04:57:37,FAILED,UPI,Chennai,DEBIT,7771.65,40,MEDIUM
10104818,2563,117,273.37,2024-04-05 01:27:23,FAILED,UPI,Pune,DEBIT,992.9,40,MEDIUM
10070445,2582,229,2538.19,2024-03-04 00:23:56,FAILED,UPI,Ahmedabad,DEBIT,6442.966666666666,40,MEDIUM
10155543,2609,181,683.81,2024-05-19 23:00:29,FAILED,CARD,Surat,DEBIT,19270.916666666668,40,MEDIUM
10192793,2639,628,23394.18,2024-06-22 14:40:58,SUCCESS,UPI,Vadodara,DEBIT,2.2,30,MEDIUM
10175222,2681,435,4346.98,2024-06-07 23:00:18,FAILED,CARD,Jaipur,DEBIT,16611.633333333335,40,MEDIUM
10185034,2732,436,2594.38,2024-06-16 04:44:05,FAILED,UPI,Mumbai,DEBIT,10807.633333333333,40,MEDIUM
10153302,2770,763,1131.9,2024-05-18 02:07:58,FAILED,NETBANKING,Bengaluru,DEBIT,5334.533333333334,40,MEDIUM
10080020,2808,708,3435.66,2024-03-12 02:23:09,FAILED,UPI,Coimbatore,DEBIT,34903.86666666667,40,MEDIUM
10183768,2815,688,2954.83,2024-06-15 00:43:30,FAILED,UPI,Hyderabad,DEBIT,56989.45,40,MEDIUM
10068069,2816,560,4058.53,2024-03-01 23:50:50,FAILED,UPI,Chennai,DEBIT,49945.15,40,MEDIUM
10001151,2819,433,2744.39,2024-01-01 23:40:29,FAILED,NETBANKING,Coimbatore,DEBIT,290.0,40,MEDIUM
10002373,2843,598,4181.87,2024-01-03 04:22:45,FAILED,CARD,Indore,DEBIT,,40,MEDIUM
10009400,2875,99,2669.29,2024-01-08 23:04:26,FAILED,UPI,Coimbatore,DEBIT,,40,MEDIUM
10161884,2879,456,3448.66,2024-05-25 02:14:10,FAILED,UPI,Hyderabad,DEBIT,32446.416666666668,40,MEDIUM
10179651,2923,28,1104.99,2024-06-11 17:13:41,SUCCESS,CARD,Vadodara,DEBIT,0.26666666666666666,30,MEDIUM
10048863,2944,385,4698.38,2024-02-13 23:53:48,FAILED,UPI,Pune,REFUND,,40,MEDIUM
10115024,2953,566,1919.65,2024-04-13 18:07:30,SUCCESS,CARD,Indore,DEBIT,2.933333333333333,30,MEDIUM
10140251,3013,264,2850.93,2024-05-07 04:23:00,FAILED,UPI,Vadodara,DEBIT,73056.96666666666,40,MEDIUM
10051648,3027,722,4410.45,2024-02-16 13:00:19,SUCCESS,NETBANKING,Visakhapatnam,DEBIT,4.666666666666667,30,MEDIUM
10070492,3029,205,3150.45,2024-03-04 04:12:56,FAILED,UPI,Pune,DEBIT,2556.35,40,MEDIUM
10013064,3045,379,2349.39,2024-01-11 23:06:46,FAILED,UPI,Kochi,DEBIT,,40,MEDIUM
10187353,3118,109,1656.53,2024-06-17 23:36:14,FAILED,UPI,Chandigarh,DEBIT,37662.28333333333,40,MEDIUM
10146241,3158,799,1638.23,2024-05-11 23:49:30,FAILED,CARD,Hyderabad,DEBIT,29648.35,40,MEDIUM
10051084,3212,13,14127.99,2024-02-15 20:44:34,SUCCESS,UPI,Thiruvananthapuram,DEBIT,0.5333333333333333,30,MEDIUM
10093672,3229,184,4740.86,2024-03-23 17:35:27,SUCCESS,UPI,Chandigarh,DEBIT,4.133333333333334,30,MEDIUM
10071682,3248,675,2360.97,2024-03-05 04:14:32,FAILED,UPI,Ahmedabad,DEBIT,,40,MEDIUM
10147517,3258,83,967.37,2024-05-13 03:40:33,FAILED,UPI,Nagpur,DEBIT,6767.883333333333,40,MEDIUM
10188540,3283,445,900.85,2024-06-18 23:54:05,FAILED,WALLET,Chennai,DEBIT,359.1,40,MEDIUM
10038098,3310,242,4201.27,2024-02-05 01:06:27,FAILED,UPI,Nagpur,DEBIT,890.4166666666666,40,MEDIUM
10050031,3417,249,4560.19,2024-02-15 01:55:46,FAILED,CARD,Kochi,DEBIT,7656.466666666666,40,MEDIUM
10004669,3478,219,2108.55,2024-01-04 23:57:45,FAILED,NETBANKING,Kochi,DEBIT,,40,MEDIUM
10115378,3633,129,3319.65,2024-04-13 23:11:46,FAILED,UPI,Visakhapatnam,DEBIT,38177.86666666667,40,MEDIUM
10042957,3636,566,1817.35,2024-02-08 23:31:36,FAILED,UPI,Coimbatore,DEBIT,6088.816666666667,40,MEDIUM
10083226,3701,698,1626.57,2024-03-14 19:10:43,SUCCESS,UPI,Nagpur,DEBIT,0.6833333333333333,30,MEDIUM
10151008,3723,25,3956.8,2024-05-16 03:00:10,FAILED,UPI,Kochi,DEBIT,1847.5166666666667,40,MEDIUM
10021446,3727,462,3490.77,2024-01-19 04:13:29,FAILED,WALLET,Nagpur,REFUND,8256.366666666667,40,MEDIUM
10119047,3733,526,209.13,2024-04-17 04:50:32,FAILED,UPI,Bengaluru,DEBIT,407.28333333333336,40,MEDIUM
10047722,3762,735,4282.74,2024-02-13 02:12:49,FAILED,CARD,Coimbatore,DEBIT,14805.15,40,MEDIUM
10014268,3766,287,3133.43,2024-01-13 03:26:56,FAILED,CARD,Chennai,DEBIT,8084.7,40,MEDIUM
10180849,3791,440,2621.03,2024-06-12 16:37:19,SUCCESS,UPI,Indore,DEBIT,0.4,30,MEDIUM
10143760,3849,153,2921.09,2024-05-10 00:32:34,FAILED,UPI,Ahmedabad,DEBIT,32024.283333333333,40,MEDIUM
10079997,3883,584,4818.01,2024-03-11 23:39:38,FAILED,UPI,Mumbai,DEBIT,10495.933333333332,40,MEDIUM
10166751,3886,121,3831.59,2024-06-01 02:35:28,FAILED,UPI,Vadodara,DEBIT,19519.85,40,MEDIUM
10035655,3954,631,3208.85,2024-02-02 23:05:58,FAILED,UPI,Coimbatore,REFUND,25160.6,40,MEDIUM
10126027,3954,596,4250.9,2024-04-23 03:45:52,FAILED,CARD,Coimbatore,DEBIT,41445.23333333333,40,MEDIUM
10057198,3980,257,3041.1,2024-02-21 03:13:17,FAILED,WALLET,Mumbai,DEBIT,18795.883333333335,40,MEDIUM
10142532,3988,262,93.48,2024-05-08 23:10:36,FAILED,NETBANKING,Visakhapatnam,DEBIT,28032.9,40,MEDIUM
10017091,3990,31,4108.54,2024-01-15 13:10:24,SUCCESS,UPI,Jaipur,DEBIT,4.833333333333333,30,MEDIUM
10163060,3990,150,3720.56,2024-05-26 04:25:45,FAILED,CARD,Jaipur,DEBIT,19201.95,40,MEDIUM
10193513,4035,225,3713.37,2024-06-23 02:00:00,FAILED,CARD,Mumbai,DEBIT,37861.65,40,MEDIUM
10080037,4066,600,17207.83,2024-03-12 03:51:03,FAILED,CARD,Jaipur,DEBIT,18383.866666666665,40,MEDIUM
10071601,4070,504,41078.31,2024-03-04 22:30:36,SUCCESS,UPI,Nagpur,DEBIT,3.45,30,MEDIUM
10156804,4257,596,468.32,2024-05-20 23:35:25,FAILED,CARD,Thiruvananthapuram,DEBIT,5928.8,40,MEDIUM
10023841,4323,682,3749.5,2024-01-21 01:35:59,FAILED,CARD,Lucknow,DEBIT,3283.65,40,MEDIUM
10166478,4326,6,3768.53,2024-05-28 20:34:52,SUCCESS,NETBANKING,Bhopal,DEBIT,3.2,30,MEDIUM
10148690,4411,775,2352.61,2024-05-14 03:31:56,FAILED,CARD,Lucknow,DEBIT,1887.85,40,MEDIUM
10050014,4418,73,2660.02,2024-02-15 00:45:42,FAILED,UPI,Thiruvananthapuram,DEBIT,10711.416666666666,40,MEDIUM
10172893,4425,505,733.44,2024-06-06 04:59:15,FAILED,NETBANKING,Delhi,DEBIT,1863.4,40,MEDIUM
10058342,4430,692,2573.22,2024-02-21 21:53:57,FAILED,CARD,Indore,DEBIT,0.5666666666666667,50,MEDIUM
10113062,4430,113,1103.86,2024-04-12 03:05:41,FAILED,CARD,Indore,DEBIT,71538.8,40,MEDIUM
10078712,4575,29,1915.16,2024-03-10 23:17:01,FAILED,CARD,Chandigarh,DEBIT,1930.5666666666666,40,MEDIUM
10061944,4591,504,1812.49,2024-02-24 23:04:08,FAILED,UPI,Hyderabad,DEBIT,3759.4,40,MEDIUM
10169402,4613,4,8085.71,2024-06-03 10:13:07,SUCCESS,NETBANKING,Visakhapatnam,DEBIT,0.3,30,MEDIUM
10186355,4613,4,4619.95,2024-06-17 09:40:00,SUCCESS,UPI,Visakhapatnam,DEBIT,0.08333333333333333,30,MEDIUM
10064667,4654,105,3232.34,2024-02-27 10:01:25,SUCCESS,CARD,Pune,DEBIT,3.7666666666666666,30,MEDIUM
10165317,4686,235,1494.88,2024-05-27 23:55:37,FAILED,CARD,Pune,DEBIT,2127.75,40,MEDIUM
10044146,4694,218,3802.21,2024-02-10 01:51:29,FAILED,NETBANKING,Bengaluru,DEBIT,813.3333333333334,40,MEDIUM
10142182,4714,236,4434.78,2024-05-08 17:54:34,SUCCESS,NETBANKING,Mumbai,DEBIT,2.533333333333333,30,MEDIUM
10076318,4736,715,3398.82,2024-03-08 23:25:32,FAILED,WALLET,Vadodara,DEBIT,28124.566666666666,40,MEDIUM
10088983,4765,629,956.71,2024-03-19 17:49:29,SUCCESS,UPI,Chandigarh,DEBIT,0.6666666666666666,30,MEDIUM
10072026,4783,680,3835.25,2024-03-05 11:34:58,SUCCESS,UPI,Lucknow,DEBIT,3.75,30,MEDIUM
10026287,4854,89,2279.73,2024-01-23 02:05:19,FAILED,NETBANKING,Kochi,DEBIT,9427.516666666666,40,MEDIUM
10195913,4856,683,1670.57,2024-06-25 00:07:14,FAILED,CARD,Mumbai,DEBIT,17928.933333333334,40,MEDIUM
10180083,4875,455,2692.49,2024-06-12 00:58:26,FAILED,UPI,Hyderabad,DEBIT,881.1333333333333,40,MEDIUM
10084638,4876,440,4753.26,2024-03-15 23:02:50,FAILED,UPI,Indore,DEBIT,1574.7,40,MEDIUM
10049988,4899,362,4630.81,2024-02-14 23:09:39,FAILED,UPI,Nagpur,DEBIT,33367.21666666667,40,MEDIUM
10159436,4903,53,779.86,2024-05-23 02:43:05,FAILED,UPI,Chandigarh,DEBIT,3709.15,40,MEDIUM
10060062,4940,13,11775.57,2024-02-23 13:04:30,SUCCESS,UPI,Indore,DEBIT,0.4,30,MEDIUM
10099910,5019,733,1714.98,2024-03-28 23:27:15,FAILED,NETBANKING,Vadodara,DEBIT,19408.833333333332,40,MEDIUM
10052432,5065,357,657.47,2024-02-17 03:56:26,FAILED,UPI,Bengaluru,DEBIT,39911.01666666667,40,MEDIUM
10107082,5100,62,3027.23,2024-04-07 00:14:30,FAILED,NETBANKING,Nagpur,DEBIT,202.55,40,MEDIUM
10057212,5142,25,1682.17,2024-02-21 04:02:26,FAILED,CARD,Chennai,DEBIT,11008.966666666667,40,MEDIUM
10170193,5175,666,4039.9,2024-06-03 20:02:01,SUCCESS,CARD,Delhi,DEBIT,3.85,30,MEDIUM
10163024,5225,755,570.36,2024-05-26 01:10:41,FAILED,CARD,Bengaluru,DEBIT,1768.7,40,MEDIUM
10005856,5250,179,2363.28,2024-01-05 23:31:29,FAILED,UPI,Surat,DEBIT,,40,MEDIUM
10176520,5261,44,1956.69,2024-06-09 01:01:54,FAILED,NETBANKING,Vadodara,DEBIT,8015.95,40,MEDIUM
10038134,5302,243,1050.91,2024-02-05 03:26:10,FAILED,UPI,Kochi,DEBIT,2411.85,40,MEDIUM
10091704,5366,31,4435.8,2024-03-22 02:00:38,FAILED,NETBANKING,Ahmedabad,DEBIT,52295.86666666667,40,MEDIUM
10064480,5370,789,2546.39,2024-02-27 02:53:57,FAILED,NETBANKING,Jaipur,DEBIT,4995.533333333334,40,MEDIUM
10169870,5372,209,4391.36,2024-06-03 16:38:20,SUCCESS,CARD,Ahmedabad,DEBIT,2.566666666666667,30,MEDIUM
10089213,5373,553,42485.85,2024-03-19 20:31:11,SUCCESS,UPI,Kolkata,DEBIT,0.5833333333333334,30,MEDIUM
10057151,5390,733,2560.28,2024-02-21 00:03:00,FAILED,CARD,Thiruvananthapuram,DEBIT,8032.783333333334,40,MEDIUM
10161850,5455,787,1813.28,2024-05-24 23:27:49,FAILED,CARD,Surat,DEBIT,57883.916666666664,40,MEDIUM
10102438,5491,168,4399.74,2024-04-03 01:06:05,FAILED,CARD,Kolkata,DEBIT,1836.05,40,MEDIUM
10123666,5544,459,550.67,2024-04-21 00:29:42,FAILED,CARD,Lucknow,DEBIT,20216.45,40,MEDIUM
10026272,5555,561,3098.79,2024-01-23 00:47:16,FAILED,CARD,Thiruvananthapuram,DEBIT,1709.5333333333333,40,MEDIUM
10107056,5595,360,2371.09,2024-04-06 23:15:54,FAILED,CARD,Chandigarh,DEBIT,13063.383333333333,40,MEDIUM
10096379,5638,597,1964.29,2024-03-25 23:04:30,FAILED,UPI,Bengaluru,DEBIT,24762.2,40,MEDIUM
10090498,5655,621,1077.49,2024-03-21 00:34:56,FAILED,UPI,Thiruvananthapuram,DEBIT,31760.3,40,MEDIUM
10048882,5658,765,1855.08,2024-02-14 01:35:28,FAILED,UPI,Kochi,DEBIT,37531.28333333333,40,MEDIUM
10046560,5711,542,2523.22,2024-02-12 03:51:11,FAILED,UPI,Visakhapatnam,DEBIT,30682.2,40,MEDIUM
10170455,5715,100,4946.17,2024-06-04 04:38:36,FAILED,WALLET,Kolkata,DEBIT,18487.466666666667,40,MEDIUM
10193473,5735,46,2656.13,2024-06-22 23:44:33,FAILED,UPI,Chandigarh,DEBIT,1821.45,40,MEDIUM
10035706,5746,287,2897.97,2024-02-03 02:07:19,FAILED,CARD,Thiruvananthapuram,DEBIT,2012.7,40,MEDIUM
10029835,5790,793,2294.66,2024-01-26 03:01:44,FAILED,UPI,Kochi,DEBIT,7639.583333333333,40,MEDIUM
10101196,5827,73,3146.23,2024-04-01 23:29:51,FAILED,CARD,Delhi,DEBIT,20565.716666666667,40,MEDIUM
10080047,5830,296,2870.19,2024-03-12 04:50:32,FAILED,UPI,Visakhapatnam,DEBIT,38069.38333333333,40,MEDIUM
10180056,5846,645,4642.51,2024-06-11 23:05:19,FAILED,NETBANKING,Vadodara,DEBIT,9344.416666666666,40,MEDIUM
10080019,5869,477,2800.44,2024-03-12 02:20:58,FAILED,CARD,Lucknow,DEBIT,12110.183333333332,40,MEDIUM
10057168,5919,43,218.97,2024-02-21 01:40:14,FAILED,CARD,Chennai,DEBIT,1944.2333333333333,40,MEDIUM
10104839,5997,617,578.84,2024-04-05 03:29:49,FAILED,UPI,Lucknow,DEBIT,12659.683333333332,40,MEDIUM
10199350,6054,160,1083.15,2024-06-27 23:10:35,FAILED,UPI,Chandigarh,DEBIT,77380.53333333334,40,MEDIUM
10124563,6096,396,400.35,2024-04-21 19:05:12,SUCCESS,NETBANKING,Visakhapatnam,DEBIT,1.5166666666666666,30,MEDIUM
10044143,6114,32,3192.21,2024-02-10 01:31:20,FAILED,CARD,Lucknow,DEBIT,3455.9,40,MEDIUM
10072862,6134,766,2568.45,2024-03-06 03:02:38,FAILED,UPI,Pune,DEBIT,37053.21666666667,40,MEDIUM
10163040,6170,380,4699.43,2024-05-26 02:12:26,FAILED,UPI,Coimbatore,DEBIT,25104.816666666666,40,MEDIUM
10122489,6260,224,1080.65,2024-04-20 00:18:40,FAILED,UPI,Delhi,DEBIT,3124.766666666667,40,MEDIUM
10073949,6370,491,2187.82,2024-03-06 23:35:05,FAILED,NETBANKING,Nagpur,DEBIT,18819.066666666666,40,MEDIUM
10047683,6410,209,2941.68,2024-02-12 23:27:57,FAILED,CARD,Indore,DEBIT,40833.833333333336,40,MEDIUM
10114246,6424,96,4090.39,2024-04-13 03:29:19,FAILED,UPI,Chandigarh,DEBIT,37895.21666666667,40,MEDIUM
10096387,6529,429,29471.36,2024-03-25 23:25:36,FAILED,UPI,Mumbai,DEBIT,31935.016666666666,40,MEDIUM
10002381,6547,464,624.4,2024-01-03 04:53:08,FAILED,UPI,Kochi,DEBIT,,40,MEDIUM
10032263,6554,469,3069.25,2024-01-28 04:48:32,FAILED,WALLET,Ahmedabad,DEBIT,8079.416666666667,40,MEDIUM
10119213,6554,596,3191.75,2024-04-17 10:19:12,SUCCESS,WALLET,Ahmedabad,DEBIT,3.9166666666666665,30,MEDIUM
10127167,6638,107,3748.03,2024-04-24 04:04:33,FAILED,CARD,Thiruvananthapuram,DEBIT,6739.833333333333,40,MEDIUM
10025071,6647,161,4945.85,2024-01-21 23:33:15,FAILED,UPI,Hyderabad,DEBIT,11194.566666666668,40,MEDIUM
10122498,6670,77,554.22,2024-04-20 00:59:44,FAILED,CARD,Indore,DEBIT,10793.966666666667,40,MEDIUM
10050032,6687,599,1762.89,2024-02-15 02:01:57,FAILED,NETBANKING,Kochi,DEBIT,37904.73333333333,40,MEDIUM
10098758,6690,737,1951.7,2024-03-28 00:33:36,FAILED,UPI,Mumbai,DEBIT,6178.316666666667,40,MEDIUM
10072837,6718,231,1248.03,2024-03-06 00:57:21,FAILED,UPI,Kolkata,DEBIT,1564.5333333333333,40,MEDIUM
10031511,6750,16,3879.51,2024-01-27 13:08:20,SUCCESS,UPI,Thiruvananthapuram,DEBIT,0.48333333333333334,30,MEDIUM
10051241,6762,786,779.47,2024-02-16 02:55:49,FAILED,UPI,Bengaluru,DEBIT,7953.5,40,MEDIUM
10010612,6792,213,1293.42,2024-01-09 23:51:26,FAILED,UPI,Lucknow,DEBIT,9298.666666666666,40,MEDIUM
10197089,6792,376,1628.1,2024-06-26 01:00:28,FAILED,NETBANKING,Lucknow,DEBIT,59317.083333333336,40,MEDIUM
10113018,6828,60,2353.4,2024-04-11 23:41:36,FAILED,CARD,Bhopal,DEBIT,34052.65,40,MEDIUM
10078716,6854,673,4232.09,2024-03-10 23:35:19,FAILED,WALLET,Surat,DEBIT,32158.35,40,MEDIUM
10160613,6937,580,2651.15,2024-05-23 23:11:51,FAILED,UPI,Surat,DEBIT,4666.433333333333,40,MEDIUM
10169117,6947,509,591.27,2024-06-02 23:00:13,FAILED,UPI,Kolkata,DEBIT,14430.566666666668,40,MEDIUM
10099480,6953,678,2281.61,2024-03-28 17:09:38,SUCCESS,UPI,Hyderabad,DEBIT,0.6666666666666666,30,MEDIUM
10197098,6998,541,4074.34,2024-06-26 01:37:18,FAILED,CARD,Delhi,DEBIT,49563.666666666664,40,MEDIUM
10029819,7041,649,3892.25,2024-01-26 02:07:17,FAILED,UPI,Hyderabad,DEBIT,,40,MEDIUM
10070428,7065,267,1009.91,2024-03-03 23:36:11,FAILED,CARD,Nagpur,DEBIT,244.51666666666668,40,MEDIUM
10090517,7084,592,2753.88,2024-03-21 02:31:07,FAILED,CARD,Indore,DEBIT,3364.633333333333,40,MEDIUM
10167933,7102,152,3010.62,2024-06-02 01:44:49,FAILED,UPI,Vadodara,DEBIT,10465.2,40,MEDIUM
10075143,7135,534,3932.99,2024-03-08 04:08:04,FAILED,UPI,Bhopal,DEBIT,2338.9,40,MEDIUM
10196708,7138,9,4143.5,2024-06-25 17:56:32,SUCCESS,UPI,Ahmedabad,DEBIT,1.7666666666666666,30,MEDIUM
10011152,7139,262,220.65,2024-01-10 13:56:35,SUCCESS,CARD,Ahmedabad,DEBIT,3.3333333333333335,30,MEDIUM
10141407,7250,698,2821.76,2024-05-08 04:22:33,FAILED,UPI,Bhopal,DEBIT,1943.9666666666667,40,MEDIUM
10152094,7276,748,2740.37,2024-05-16 23:12:02,FAILED,CARD,Jaipur,DEBIT,8659.0,40,MEDIUM
10073965,7308,421,3042.61,2024-03-07 00:29:23,FAILED,UPI,Kochi,DEBIT,3145.3,40,MEDIUM
10192242,7310,399,1948.38,2024-06-22 01:37:31,FAILED,UPI,Visakhapatnam,DEBIT,24916.583333333332,40,MEDIUM
10096378,7331,565,3685.73,2024-03-25 23:02:16,FAILED,UPI,Bhopal,DEBIT,224.93333333333334,40,MEDIUM
10017422,7379,562,1178.22,2024-01-15 17:20:45,SUCCESS,UPI,Delhi,DEBIT,1.6,30,MEDIUM
10170441,7388,479,2915.23,2024-06-04 03:16:19,FAILED,WALLET,Pune,DEBIT,23532.85,40,MEDIUM
10111914,7401,257,4884.84,2024-04-11 02:13:41,FAILED,CARD,Surat,DEBIT,43913.23333333333,40,MEDIUM
10186941,7405,317,1641.29,2024-06-17 17:42:59,SUCCESS,UPI,Kochi,DEBIT,1.9,30,MEDIUM
10198310,7416,671,3088.69,2024-06-27 04:50:17,FAILED,CARD,Bhopal,DEBIT,30045.883333333335,40,MEDIUM
10023796,7531,796,980.78,2024-01-20 23:33:06,FAILED,CARD,Chennai,DEBIT,7779.083333333333,40,MEDIUM
10065614,7535,545,3468.89,2024-02-27 23:15:19,FAILED,WALLET,Bhopal,DEBIT,9606.95,40,MEDIUM
10063285,7564,157,2885.09,2024-02-26 01:48:13,FAILED,CARD,Coimbatore,DEBIT,15874.45,40,MEDIUM
10116953,7571,456,177.1,2024-04-15 10:52:58,SUCCESS,CARD,Chennai,DEBIT,2.3833333333333333,30,MEDIUM
10092896,7626,578,1711.32,2024-03-22 23:56:44,FAILED,UPI,Thiruvananthapuram,DEBIT,40628.066666666666,40,MEDIUM
10188576,7634,430,2867.91,2024-06-19 03:09:19,FAILED,CARD,Delhi,DEBIT,49497.61666666667,40,MEDIUM
10076989,7638,41,3163.63,2024-03-09 15:47:16,SUCCESS,UPI,Indore,DEBIT,0.4666666666666667,30,MEDIUM
10114213,7638,541,1273.2,2024-04-13 00:32:29,FAILED,UPI,Indore,DEBIT,25032.266666666666,40,MEDIUM
10054770,7677,544,1619.65,2024-02-18 23:04:57,FAILED,UPI,Surat,DEBIT,5306.216666666666,40,MEDIUM
10181391,7739,437,4719.29,2024-06-13 02:59:24,FAILED,UPI,Bengaluru,DEBIT,6305.083333333333,40,MEDIUM
10109450,7745,600,2077.08,2024-04-08 23:44:38,FAILED,CARD,Coimbatore,DEBIT,36462.35,40,MEDIUM
10025063,7752,595,1497.08,2024-01-21 23:18:39,FAILED,UPI,Chandigarh,DEBIT,1943.8833333333334,40,MEDIUM
10073961,7803,775,4472.27,2024-03-07 00:05:48,FAILED,UPI,Mumbai,DEBIT,7976.783333333334,40,MEDIUM
10011881,7816,235,321.91,2024-01-11 03:58:23,FAILED,WALLET,Visakhapatnam,DEBIT,9651.166666666666,40,MEDIUM
10107068,7818,422,906.46,2024-04-06 23:37:26,FAILED,CARD,Vadodara,DEBIT,16223.566666666668,40,MEDIUM
10167944,7865,750,58.05,2024-06-02 02:20:55,FAILED,UPI,Ahmedabad,DEBIT,13929.933333333332,40,MEDIUM
10019058,7879,41,227.48,2024-01-17 04:03:08,FAILED,WALLET,Bhopal,DEBIT,,40,MEDIUM
10057165,7909,56,282.26,2024-02-21 01:32:46,FAILED,UPI,Pune,DEBIT,18629.216666666667,40,MEDIUM
10122459,7933,702,4408.1,2024-04-19 23:03:35,FAILED,UPI,Pune,DEBIT,7903.466666666666,40,MEDIUM
10182610,7940,226,3442.6,2024-06-14 01:38:14,FAILED,NETBANKING,Chennai,DEBIT,82034.7,40,MEDIUM
10136574,7964,597,19335.88,2024-05-03 23:50:30,FAILED,UPI,Indore,DEBIT,3444.883333333333,40,MEDIUM
10137813,7993,754,2261.02,2024-05-05 02:54:09,FAILED,UPI,Delhi,DEBIT,48510.816666666666,40,MEDIUM
10131728,8028,719,822.37,2024-04-27 23:25:01,FAILED,NETBANKING,Coimbatore,DEBIT,60506.7,40,MEDIUM
10083480,8040,736,1997.83,2024-03-14 23:15:18,FAILED,UPI,Chandigarh,DEBIT,16261.9,40,MEDIUM
10028606,8063,219,1423.8,2024-01-25 01:21:18,FAILED,CARD,Chennai,DEBIT,,40,MEDIUM
10069228,8071,497,3464.7,2024-03-02 23:12:15,FAILED,CARD,Visakhapatnam,DEBIT,6238.316666666667,40,MEDIUM
10192257,8082,688,7511.21,2024-06-22 02:29:51,FAILED,UPI,Pune,DEBIT,42203.583333333336,40,MEDIUM
10178933,8091,301,1486.63,2024-06-11 03:34:55,FAILED,CARD,Hyderabad,DEBIT,171.28333333333333,40,MEDIUM
10176202,8137,697,92.91,2024-06-08 18:39:01,SUCCESS,UPI,Lucknow,DEBIT,2.316666666666667,30,MEDIUM
10141588,8148,769,221.26,2024-05-08 10:15:48,SUCCESS,UPI,Coimbatore,DEBIT,3.7333333333333334,30,MEDIUM
10071683,8163,691,4146.11,2024-03-05 04:21:04,FAILED,UPI,Jaipur,DEBIT,3335.5,40,MEDIUM
10120152,8164,235,2401.85,2024-04-17 23:46:30,FAILED,CARD,Delhi,DEBIT,46418.96666666667,40,MEDIUM
10062015,8225,110,3902.48,2024-02-25 03:35:18,FAILED,UPI,Mumbai,DEBIT,45778.166666666664,40,MEDIUM
10074657,8227,425,3042.2,2024-03-07 16:54:15,SUCCESS,UPI,Kochi,DEBIT,0.5,30,MEDIUM
10066957,8316,701,2377.58,2024-03-01 02:01:18,FAILED,UPI,Jaipur,DEBIT,6804.9,40,MEDIUM
10022550,8390,668,3883.84,2024-01-19 23:10:15,FAILED,UPI,Pune,DEBIT,10681.3,40,MEDIUM
10132932,8434,140,1168.95,2024-05-01 00:41:26,FAILED,UPI,Kochi,DEBIT,6026.133333333333,40,MEDIUM
10137766,8445,701,2975.33,2024-05-04 23:28:51,FAILED,NETBANKING,Ahmedabad,DEBIT,21745.033333333333,40,MEDIUM
10199374,8459,212,3180.79,2024-06-27 23:57:49,FAILED,UPI,Ahmedabad,DEBIT,7628.533333333334,40,MEDIUM
10035654,8503,417,2813.59,2024-02-02 23:03:07,FAILED,UPI,Bengaluru,DEBIT,,40,MEDIUM
10007380,8588,15,14886.35,2024-01-07 11:22:46,SUCCESS,UPI,Nagpur,DEBIT,2.45,30,MEDIUM
10025822,8588,20,1367.91,2024-01-22 16:50:12,SUCCESS,UPI,Nagpur,DEBIT,0.48333333333333334,30,MEDIUM
10197118,8594,329,1313.37,2024-06-26 03:12:18,FAILED,WALLET,Thiruvananthapuram,DEBIT,15152.233333333334,40,MEDIUM
10176497,8598,400,113.89,2024-06-08 23:30:07,FAILED,CARD,Kochi,DEBIT,2253.133333333333,40,MEDIUM
10195910,8607,748,3198.15,2024-06-25 00:02:56,FAILED,UPI,Chandigarh,DEBIT,328.21666666666664,40,MEDIUM
10191074,8644,470,1821.99,2024-06-21 04:46:17,FAILED,CARD,Chandigarh,DEBIT,21398.783333333333,40,MEDIUM
10183800,8732,20,197.06,2024-06-15 03:24:57,FAILED,UPI,Bhopal,DEBIT,19432.866666666665,40,MEDIUM
10059213,8736,502,1382.56,2024-02-22 17:37:28,SUCCESS,UPI,Bhopal,DEBIT,1.0666666666666667,30,MEDIUM
10151002,8805,204,7361.39,2024-05-16 02:51:19,FAILED,WALLET,Coimbatore,DEBIT,3833.2166666666667,40,MEDIUM
10003499,8860,214,2316.52,2024-01-04 00:14:44,FAILED,UPI,Delhi,DEBIT,,40,MEDIUM
10138915,8878,643,4783.29,2024-05-06 00:05:38,FAILED,UPI,Hyderabad,DEBIT,18139.35,40,MEDIUM
10198674,8942,68,3249.61,2024-06-27 12:18:24,SUCCESS,UPI,Kolkata,DEBIT,3.3333333333333335,30,MEDIUM
10113035,8948,544,4447.27,2024-04-12 00:37:23,FAILED,CARD,Delhi,DEBIT,114594.03333333334,40,MEDIUM
10118992,9000,794,2853.97,2024-04-16 23:28:26,FAILED,UPI,Coimbatore,DEBIT,1840.25,40,MEDIUM
10028648,9035,539,3877.2,2024-01-25 03:55:39,FAILED,UPI,Pune,DEBIT,,40,MEDIUM
10016601,9046,276,2272.07,2024-01-14 23:38:21,FAILED,UPI,Vadodara,DEBIT,,40,MEDIUM
10009402,9111,697,2398.71,2024-01-08 23:11:43,FAILED,WALLET,Mumbai,DEBIT,,40,MEDIUM
10198248,9118,396,237.95,2024-06-27 00:43:19,FAILED,UPI,Indore,DEBIT,10664.016666666666,40,MEDIUM
10168303,9131,172,4336.46,2024-06-02 11:30:47,SUCCESS,CARD,Lucknow,DEBIT,4.85,30,MEDIUM
10096437,9138,647,2312.75,2024-03-26 04:01:53,FAILED,UPI,Vadodara,DEBIT,3331.8333333333335,40,MEDIUM
10097623,9166,633,2470.75,2024-03-27 03:00:13,FAILED,NETBANKING,Coimbatore,DEBIT,9129.4,40,MEDIUM
10121329,9179,478,2871.41,2024-04-19 04:17:41,FAILED,UPI,Kolkata,DEBIT,12082.683333333332,40,MEDIUM
10118993,9326,737,4902.06,2024-04-16 23:33:06,FAILED,NETBANKING,Jaipur,DEBIT,12330.916666666666,40,MEDIUM
10107060,9370,575,32162.25,2024-04-06 23:17:20,FAILED,NETBANKING,Chandigarh,DEBIT,8458.516666666666,40,MEDIUM
10129470,9377,261,2576.04,2024-04-26 04:15:53,FAILED,UPI,Hyderabad,DEBIT,12076.166666666666,40,MEDIUM
10069301,9421,720,1754.64,2024-03-03 04:26:50,FAILED,CARD,Chennai,DEBIT,554.4333333333333,40,MEDIUM
10058458,9456,404,2018.01,2024-02-22 03:55:27,FAILED,UPI,Delhi,DEBIT,1043.65,40,MEDIUM
10022773,9468,493,27463.26,2024-01-20 10:05:35,SUCCESS,UPI,Hyderabad,DEBIT,3.0166666666666666,30,MEDIUM
10154427,9480,233,587.81,2024-05-19 01:52:13,FAILED,UPI,Bengaluru,DEBIT,16232.283333333333,40,MEDIUM
10185022,9486,142,1134.92,2024-06-16 04:03:38,FAILED,UPI,Indore,DEBIT,1275.8333333333333,40,MEDIUM
10023559,9532,281,4641.06,2024-01-20 19:21:51,SUCCESS,WALLET,Lucknow,DEBIT,0.06666666666666667,30,MEDIUM
10189772,9536,372,100.68,2024-06-19 23:44:53,FAILED,UPI,Indore,DEBIT,1753.5333333333333,40,MEDIUM
10095300,9550,350,1616.12,2024-03-25 02:12:21,FAILED,UPI,Hyderabad,DEBIT,25269.45,40,MEDIUM
10100032,9571,613,3017.12,2024-04-01 04:19:31,FAILED,UPI,Chennai,DEBIT,58143.6,40,MEDIUM
10122778,9596,136,787.89,2024-04-20 10:48:41,SUCCESS,CARD,Pune,DEBIT,3.5833333333333335,30,MEDIUM
10126036,9686,201,2982.36,2024-04-23 04:33:58,FAILED,UPI,Vadodara,DEBIT,16593.983333333334,40,MEDIUM
10140196,9686,403,242.12,2024-05-07 00:06:20,FAILED,CARD,Vadodara,DEBIT,5140.133333333333,40,MEDIUM
10090537,9704,362,4330.29,2024-03-21 03:55:37,FAILED,UPI,Chennai,DEBIT,15442.683333333332,40,MEDIUM
10068979,9712,278,3210.39,2024-03-02 19:03:47,SUCCESS,UPI,Pune,DEBIT,4.716666666666667,30,MEDIUM
10043191,9799,724,3594.32,2024-02-09 10:17:15,SUCCESS,UPI,Thiruvananthapuram,DEBIT,3.6333333333333333,30,MEDIUM
10089607,9828,5,5848.51,2024-03-20 10:48:39,SUCCESS,NETBANKING,Nagpur,DEBIT,4.25,30,MEDIUM
10011823,9905,93,48760.32,2024-01-10 23:53:36,FAILED,NETBANKING,Nagpur,DEBIT,8936.35,40,MEDIUM
10199358,9915,676,2839.5,2024-06-27 23:24:33,FAILED,CARD,Chennai,DEBIT,6572.183333333333,40,MEDIUM
10104837,9939,48,308.28,2024-04-05 03:24:53,FAILED,UPI,Lucknow,DEBIT,18444.95,40,MEDIUM
10027458,9961,468,203.24,2024-01-23 23:24:10,FAILED,CARD,Hyderabad,DEBIT,,40,MEDIUM
10171584,10077,256,750.16,2024-06-04 22:14:52,SUCCESS,UPI,Thiruvananthapuram,DEBIT,4.0,30,MEDIUM
10188536,10084,698,2652.37,2024-06-18 23:36:08,FAILED,NETBANKING,Hyderabad,DEBIT,11814.266666666666,40,MEDIUM
10114237,10100,773,3127.29,2024-04-13 02:28:53,FAILED,UPI,Vadodara,DEBIT,38585.38333333333,40,MEDIUM
10191075,10179,769,3000.42,2024-06-21 04:48:36,FAILED,CARD,Bhopal,DEBIT,33475.96666666667,40,MEDIUM
10165358,10189,672,1100.06,2024-05-28 02:30:03,FAILED,UPI,Jaipur,DEBIT,9584.4,40,MEDIUM
10055893,10266,603,3232.2,2024-02-19 23:06:15,FAILED,CARD,Coimbatore,DEBIT,510.1166666666667,40,MEDIUM
10155136,10285,572,4427.35,2024-05-19 17:01:50,SUCCESS,CARD,Bhopal,REFUND,2.15,30,MEDIUM
10143817,10300,269,4749.49,2024-05-10 03:59:45,FAILED,UPI,Pune,DEBIT,39812.583333333336,40,MEDIUM
10027515,10302,245,3859.33,2024-01-24 03:23:30,FAILED,CARD,Ahmedabad,DEBIT,3957.483333333333,40,MEDIUM
10113087,10402,417,4674.61,2024-04-12 04:43:54,FAILED,UPI,Mumbai,REFUND,14999.783333333333,40,MEDIUM
10020593,10425,648,2293.13,2024-01-18 11:59:56,SUCCESS,CARD,Visakhapatnam,DEBIT,0.9833333333333333,30,MEDIUM
10061244,10432,281,255.97,2024-02-24 12:59:37,SUCCESS,UPI,Lucknow,DEBIT,2.3666666666666667,30,MEDIUM
10053602,10437,716,2184.66,2024-02-18 00:14:07,FAILED,CARD,Bengaluru,DEBIT,18068.716666666667,40,MEDIUM
10035685,10441,749,41891.7,2024-02-03 00:15:17,FAILED,UPI,Mumbai,DEBIT,32226.35,40,MEDIUM
10175309,10477,595,1106.73,2024-06-08 04:29:17,FAILED,UPI,Indore,DEBIT,24017.333333333332,40,MEDIUM
10094156,10478,656,2837.3,2024-03-24 02:36:41,FAILED,UPI,Indore,DEBIT,729.5333333333333,40,MEDIUM
10167939,10559,791,1713.66,2024-06-02 02:06:07,FAILED,CARD,Kochi,DEBIT,40261.816666666666,40,MEDIUM
10160663,10622,205,3879.94,2024-05-24 01:58:44,FAILED,CARD,Mumbai,DEBIT,16437.133333333335,40,MEDIUM
10181360,10631,315,189.68,2024-06-13 01:32:00,FAILED,CARD,Indore,DEBIT,102.2,40,MEDIUM
10023817,10661,24,3171.4,2024-01-21 00:24:55,FAILED,UPI,Hyderabad,DEBIT,16474.666666666668,40,MEDIUM
10013104,10717,174,3360.44,2024-01-12 02:48:34,FAILED,NETBANKING,Bengaluru,DEBIT,,40,MEDIUM
10047672,10717,762,2984.92,2024-02-12 23:02:41,FAILED,UPI,Bengaluru,DEBIT,7907.716666666666,40,MEDIUM
10103660,10888,195,145.39,2024-04-04 01:50:10,FAILED,WALLET,Chennai,DEBIT,27140.916666666668,40,MEDIUM
10139076,10895,13,9313.69,2024-05-06 08:40:34,SUCCESS,NETBANKING,Kolkata,DEBIT,0.25,30,MEDIUM
10166576,10895,422,1859.55,2024-05-28 22:11:20,SUCCESS,UPI,Kolkata,DEBIT,2.316666666666667,30,MEDIUM
10194725,10924,711,3154.83,2024-06-24 04:19:21,FAILED,CARD,Bengaluru,DEBIT,4944.3,40,MEDIUM
10027478,10933,22,3167.75,2024-01-24 00:31:41,FAILED,UPI,Coimbatore,DEBIT,978.95,40,MEDIUM
10123699,10949,290,2441.06,2024-04-21 03:22:13,FAILED,UPI,Bengaluru,DEBIT,20774.183333333334,40,MEDIUM
10022080,10963,517,257.93,2024-01-19 16:34:30,SUCCESS,UPI,Chandigarh,DEBIT,4.066666666666666,30,MEDIUM
10050038,11005,69,3980.82,2024-02-15 02:20:55,FAILED,CARD,Hyderabad,DEBIT,46742.96666666667,40,MEDIUM
10170404,11019,307,714.89,2024-06-04 01:20:17,SUCCESS,UPI,Visakhapatnam,DEBIT,4.2,50,MEDIUM
10123654,11023,580,2081.12,2024-04-20 23:20:57,FAILED,CARD,Surat,DEBIT,79832.26666666666,40,MEDIUM
10072362,11024,194,1717.41,2024-03-05 16:38:15,SUCCESS,CARD,Chandigarh,DEBIT,3.033333333333333,30,MEDIUM
10135359,11056,139,4034.46,2024-05-03 04:45:48,FAILED,UPI,Surat,DEBIT,41397.73333333333,40,MEDIUM
10080871,11066,8,7663.53,2024-03-12 18:49:17,SUCCESS,UPI,Kochi,DEBIT,1.3833333333333333,30,MEDIUM
10084715,11072,563,31123.14,2024-03-16 03:42:28,FAILED,UPI,Nagpur,DEBIT,17751.833333333332,40,MEDIUM
10159399,11076,480,1171.02,2024-05-23 00:06:29,FAILED,UPI,Hyderabad,DEBIT,10494.883333333333,40,MEDIUM
10157753,11088,126,2749.08,2024-05-21 18:12:55,SUCCESS,UPI,Bengaluru,DEBIT,2.7333333333333334,30,MEDIUM
10170367,11124,788,3386.16,2024-06-03 23:18:57,FAILED,UPI,Bengaluru,DEBIT,17523.266666666666,40,MEDIUM
10124808,11138,709,2455.72,2024-04-21 23:35:32,FAILED,UPI,Bengaluru,DEBIT,15052.116666666667,40,MEDIUM
10090471,11154,233,3172.66,2024-03-20 23:04:02,FAILED,CARD,Coimbatore,DEBIT,11805.916666666666,40,MEDIUM
10094122,11191,200,2877.88,2024-03-23 23:58:29,FAILED,UPI,Nagpur,DEBIT,633.0166666666667,40,MEDIUM
10026238,11222,375,2339.4,2024-01-22 23:00:36,FAILED,UPI,Coimbatore,DEBIT,,40,MEDIUM
10185016,11226,359,1502.46,2024-06-16 03:28:30,FAILED,UPI,Bengaluru,DEBIT,19127.983333333334,40,MEDIUM
10001168,11228,230,3860.75,2024-01-02 00:56:49,FAILED,NETBANKING,Pune,DEBIT,,40,MEDIUM
10014255,11252,23,4981.7,2024-01-13 02:27:40,FAILED,NETBANKING,Hyderabad,DEBIT,,40,MEDIUM
10148392,11267,349,672.48,2024-05-13 18:56:52,SUCCESS,UPI,Bhopal,DEBIT,1.2,30,MEDIUM
10124304,11272,778,1490.64,2024-04-21 15:59:06,SUCCESS,NETBANKING,Ahmedabad,DEBIT,4.083333333333333,30,MEDIUM
10143757,11297,234,768.32,2024-05-10 00:23:50,FAILED,UPI,Thiruvananthapuram,DEBIT,8948.066666666668,40,MEDIUM
10177773,11328,31,1871.13,2024-06-10 03:26:15,FAILED,UPI,Visakhapatnam,DEBIT,18176.4,40,MEDIUM
10017840,11353,467,600.83,2024-01-16 00:35:32,FAILED,CARD,Jaipur,DEBIT,,40,MEDIUM
10022594,11380,525,1428.13,2024-01-20 02:39:24,FAILED,CARD,Kolkata,DEBIT,9009.833333333334,40,MEDIUM
10064503,11391,579,3826.58,2024-02-27 04:48:51,FAILED,CARD,Indore,DEBIT,42492.11666666667,40,MEDIUM
10103659,11478,40,529.91,2024-04-04 01:48:13,FAILED,UPI,Kolkata,DEBIT,31049.7,40,MEDIUM
10050047,11488,578,2197.83,2024-02-15 02:53:21,FAILED,WALLET,Bhopal,DEBIT,10656.683333333332,40,MEDIUM
10174067,11529,741,4342.82,2024-06-07 03:03:07,FAILED,CARD,Delhi,DEBIT,29807.033333333333,40,MEDIUM
10138854,11599,305,51.95,2024-05-05 21:36:45,SUCCESS,UPI,Nagpur,DEBIT,2.3333333333333335,30,MEDIUM
10036926,11607,142,129.82,2024-02-04 03:26:21,FAILED,UPI,Indore,DEBIT,2067.6833333333334,40,MEDIUM
10178250,11629,651,2791.03,2024-06-10 14:29:35,SUCCESS,UPI,Coimbatore,DEBIT,2.1333333333333333,30,MEDIUM
10090374,11632,154,1533.15,2024-03-20 21:18:03,SUCCESS,UPI,Bengaluru,DEBIT,2.066666666666667,30,MEDIUM
10086737,11676,547,921.53,2024-03-17 19:19:14,SUCCESS,CARD,Hyderabad,DEBIT,4.166666666666667,30,MEDIUM
10195916,11692,349,549.03,2024-06-25 00:28:16,FAILED,UPI,Mumbai,DEBIT,3618.2,40,MEDIUM
10150997,11814,743,3261.4,2024-05-16 02:08:34,FAILED,NETBANKING,Nagpur,DEBIT,5489.183333333333,40,MEDIUM
10065678,11815,578,1497.3,2024-02-28 02:51:37,FAILED,UPI,Chennai,DEBIT,4913.85,40,MEDIUM
10135342,11858,242,953.75,2024-05-03 03:38:31,FAILED,WALLET,Delhi,DEBIT,65228.48333333333,40,MEDIUM
10092780,11913,338,3282.44,2024-03-22 21:05:43,SUCCESS,UPI,Kolkata,DEBIT,3.4,30,MEDIUM
10036924,11918,109,5660.32,2024-02-04 03:21:26,FAILED,UPI,Vadodara,DEBIT,2110.516666666667,40,MEDIUM
10035660,11929,503,1602.71,2024-02-02 23:22:39,FAILED,CARD,Nagpur,DEBIT,22052.883333333335,40,MEDIUM
10123789,11933,371,256.3,2024-04-21 08:46:49,SUCCESS,UPI,Visakhapatnam,DEBIT,4.216666666666667,30,MEDIUM
10023886,11948,600,1456.51,2024-01-21 04:13:55,FAILED,UPI,Kolkata,DEBIT,1022.0333333333333,40,MEDIUM
10198898,11999,493,2723.56,2024-06-27 16:08:02,SUCCESS,CARD,Chandigarh,DEBIT,2.6333333333333333,30,MEDIUM
10186167,12045,387,374.85,2024-06-17 01:43:36,FAILED,UPI,Pune,DEBIT,21261.15,40,MEDIUM
10048898,12052,424,3133.96,2024-02-14 03:13:40,FAILED,UPI,Ahmedabad,DEBIT,17796.783333333333,40,MEDIUM
10089360,12115,505,2291.75,2024-03-19 23:35:41,FAILED,CARD,Visakhapatnam,DEBIT,66470.26666666666,40,MEDIUM
10137772,12130,256,1843.62,2024-05-04 23:51:28,FAILED,UPI,Jaipur,DEBIT,8769.083333333334,40,MEDIUM
10090514,12160,176,4081.96,2024-03-21 02:19:23,FAILED,UPI,Vadodara,DEBIT,18066.15,40,MEDIUM
10138979,12170,256,79.09,2024-05-06 03:45:32,FAILED,UPI,Hyderabad,DEBIT,23681.85,40,MEDIUM
10140567,12171,281,3442.19,2024-05-07 12:25:04,SUCCESS,CARD,Delhi,DEBIT,4.583333333333333,30,MEDIUM
10182582,12213,738,1526.94,2024-06-13 23:39:25,FAILED,CARD,Mumbai,DEBIT,5118.6,40,MEDIUM
10158167,12214,322,526.11,2024-05-22 04:38:12,FAILED,UPI,Delhi,DEBIT,16321.766666666666,40,MEDIUM
10085273,12236,94,4849.16,2024-03-16 15:14:06,SUCCESS,WALLET,Pune,DEBIT,3.1166666666666667,30,MEDIUM
10148927,12248,434,1103.27,2024-05-14 10:39:27,SUCCESS,NETBANKING,Surat,DEBIT,3.6,30,MEDIUM
10104843,12268,621,2048.42,2024-04-05 03:39:34,FAILED,NETBANKING,Lucknow,DEBIT,18191.066666666666,40,MEDIUM
10169194,12294,357,4683.13,2024-06-03 04:19:41,FAILED,UPI,Kolkata,DEBIT,63110.933333333334,40,MEDIUM
10047685,12319,222,752.38,2024-02-12 23:29:13,FAILED,UPI,Delhi,DEBIT,29066.233333333334,40,MEDIUM
10159046,12336,773,4920.78,2024-05-22 18:23:31,SUCCESS,UPI,Kolkata,DEBIT,2.566666666666667,30,MEDIUM
10154444,12337,71,2766.4,2024-05-19 03:13:16,FAILED,UPI,Vadodara,DEBIT,109847.13333333333,40,MEDIUM
10054822,12363,189,3785.41,2024-02-19 02:12:05,FAILED,CARD,Thiruvananthapuram,DEBIT,21185.05,40,MEDIUM
10027464,12406,293,1846.29,2024-01-23 23:41:55,FAILED,UPI,Nagpur,DEBIT,29028.233333333334,40,MEDIUM
10177756,12502,612,1169.03,2024-06-10 00:55:50,FAILED,UPI,Bengaluru,DEBIT,12010.416666666666,40,MEDIUM
10156841,12509,777,249.21,2024-05-21 02:16:07,FAILED,UPI,Kolkata,DEBIT,15261.116666666667,40,MEDIUM
10070490,12612,780,2913.42,2024-03-04 04:08:24,FAILED,UPI,Coimbatore,DEBIT,2623.25,40,MEDIUM
10013457,12634,585,4973.16,2024-01-12 12:00:41,SUCCESS,UPI,Visakhapatnam,REFUND,2.283333333333333,30,MEDIUM
10045396,12648,778,2447.3,2024-02-11 03:24:39,FAILED,CARD,Kochi,DEBIT,22220.7,40,MEDIUM
10200566,12664,164,4269.6,2024-06-28 23:06:20,FAILED,CARD,Hyderabad,DEBIT,23279.616666666665,40,MEDIUM
10071673,12666,198,4346.2,2024-03-05 03:31:38,FAILED,CARD,Coimbatore,DEBIT,89921.13333333333,40,MEDIUM
10007082,12709,90,4958.83,2024-01-07 04:02:43,FAILED,CARD,Visakhapatnam,DEBIT,,40,MEDIUM
10003512,12732,54,2305.27,2024-01-04 01:15:08,FAILED,UPI,Bhopal,DEBIT,,40,MEDIUM
10073984,12844,71,3829.57,2024-03-07 02:36:45,FAILED,UPI,Surat,DEBIT,10813.716666666667,40,MEDIUM
10054768,12856,145,3433.62,2024-02-18 23:02:19,FAILED,UPI,Pune,DEBIT,5832.4,40,MEDIUM
10123678,12869,164,814.52,2024-04-21 01:21:56,FAILED,UPI,Delhi,DEBIT,375.78333333333336,40,MEDIUM
10153340,12872,49,3221.3,2024-05-18 04:50:32,FAILED,UPI,Pune,DEBIT,7111.333333333333,40,MEDIUM
10075096,12885,262,803.25,2024-03-08 00:11:53,FAILED,UPI,Lucknow,DEBIT,19075.8,40,MEDIUM
10147465,12890,723,3100.92,2024-05-12 23:54:06,FAILED,CARD,Indore,DEBIT,16135.216666666667,40,MEDIUM
10146229,12893,738,881.28,2024-05-11 23:33:34,FAILED,CARD,Jaipur,DEBIT,3556.483333333333,40,MEDIUM
10073967,12916,444,3123.62,2024-03-07 00:49:46,FAILED,UPI,Mumbai,DEBIT,515.5833333333334,40,MEDIUM
10027733,13119,508,474.17,2024-01-24 10:58:47,SUCCESS,CARD,Mumbai,DEBIT,3.9833333333333334,30,MEDIUM
10038101,13119,750,781.66,2024-02-05 01:33:08,FAILED,UPI,Mumbai,DEBIT,16714.35,40,MEDIUM
10084688,13141,248,2974.17,2024-03-16 01:38:46,FAILED,UPI,Visakhapatnam,DEBIT,4875.683333333333,40,MEDIUM
10148642,13151,766,979.82,2024-05-13 23:53:30,FAILED,UPI,Mumbai,DEBIT,1851.3333333333333,40,MEDIUM
10044165,13176,651,86.56,2024-02-10 03:11:03,FAILED,UPI,Hyderabad,DEBIT,29833.35,40,MEDIUM
10062014,13195,733,45011.51,2024-02-25 03:27:27,FAILED,CARD,Surat,DEBIT,3302.4,40,MEDIUM
10084726,13209,631,1744.96,2024-03-16 04:43:33,FAILED,UPI,Kochi,DEBIT,,40,MEDIUM
10132913,13229,616,1460.71,2024-04-28 23:39:50,FAILED,UPI,Visakhapatnam,DEBIT,7463.05,40,MEDIUM
10160680,13231,366,3462.13,2024-05-24 02:43:53,FAILED,UPI,Kolkata,DEBIT,1901.7666666666667,40,MEDIUM
10189794,13255,717,4689.83,2024-06-20 00:37:39,FAILED,UPI,Ahmedabad,DEBIT,3863.7166666666667,40,MEDIUM
10114209,13256,24,945.98,2024-04-13 00:16:22,FAILED,NETBANKING,Ahmedabad,DEBIT,4685.2,40,MEDIUM
10035688,13283,284,4207.78,2024-02-03 00:28:15,FAILED,UPI,Vadodara,DEBIT,42050.46666666667,40,MEDIUM
10021453,13326,366,190.62,2024-01-19 04:55:02,FAILED,UPI,Kolkata,DEBIT,,40,MEDIUM
10016611,13360,703,1786.11,2024-01-15 00:10:13,FAILED,UPI,Vadodara,DEBIT,3067.383333333333,40,MEDIUM
10194842,13391,105,4694.14,2024-06-24 08:58:55,SUCCESS,CARD,Bengaluru,DEBIT,2.3666666666666667,30,MEDIUM
10023805,13453,413,3920.86,2024-01-20 23:51:47,FAILED,CARD,Hyderabad,DEBIT,8662.766666666666,40,MEDIUM
10191012,13490,240,2066.83,2024-06-20 23:28:57,FAILED,CARD,Chandigarh,DEBIT,5156.616666666667,40,MEDIUM
10118606,13522,604,1882.8,2024-04-16 17:38:56,SUCCESS,UPI,Thiruvananthapuram,DEBIT,2.85,30,MEDIUM
10007751,13544,275,4732.01,2024-01-07 16:55:51,SUCCESS,UPI,Kolkata,DEBIT,3.9833333333333334,30,MEDIUM
10007056,13575,768,3182.86,2024-01-07 01:37:27,FAILED,UPI,Ahmedabad,DEBIT,390.43333333333334,40,MEDIUM
10063279,13596,625,6300.03,2024-02-26 00:56:25,FAILED,UPI,Ahmedabad,DEBIT,13193.916666666666,40,MEDIUM
10136577,13634,370,2700.14,2024-05-03 23:53:34,FAILED,NETBANKING,Thiruvananthapuram,DEBIT,538.8666666666667,40,MEDIUM
10071684,13708,397,3349.17,2024-03-05 04:29:01,FAILED,CARD,Kochi,DEBIT,39555.61666666667,40,MEDIUM
10195937,13715,733,738.55,2024-06-25 02:25:44,FAILED,UPI,Indore,DEBIT,40565.35,40,MEDIUM
10098471,13717,598,1744.4,2024-03-27 18:40:46,SUCCESS,UPI,Bengaluru,DEBIT,1.4666666666666666,30,MEDIUM
10051190,13728,191,1997.45,2024-02-15 23:09:52,FAILED,UPI,Jaipur,DEBIT,805.6666666666666,40,MEDIUM
10121253,13736,188,879.91,2024-04-18 23:08:30,FAILED,UPI,Vadodara,DEBIT,47065.15,40,MEDIUM
10017861,13773,200,2941.47,2024-01-16 02:53:38,FAILED,CARD,Kochi,DEBIT,7677.516666666666,40,MEDIUM
10027489,13802,271,4620.97,2024-01-24 01:26:16,FAILED,UPI,Ahmedabad,DEBIT,3364.883333333333,40,MEDIUM
10013127,13837,454,893.96,2024-01-12 04:25:47,FAILED,UPI,Vadodara,DEBIT,2049.4,40,MEDIUM
10027481,13843,60,3868.62,2024-01-24 00:44:14,FAILED,UPI,Visakhapatnam,DEBIT,,40,MEDIUM
10008283,13848,361,3698.58,2024-01-08 04:45:50,FAILED,UPI,Bhopal,DEBIT,,40,MEDIUM
10072825,13936,217,1523.26,2024-03-05 23:37:44,FAILED,UPI,Kolkata,DEBIT,16566.416666666668,40,MEDIUM
10001182,13988,400,332.65,2024-01-02 01:57:19,FAILED,UPI,Chandigarh,DEBIT,,40,MEDIUM
10097590,14077,518,4069.23,2024-03-26 23:33:01,FAILED,CARD,Visakhapatnam,DEBIT,78928.53333333334,40,MEDIUM
10117874,14152,604,875.59,2024-04-16 00:52:09,FAILED,NETBANKING,Chennai,DEBIT,97415.21666666666,40,MEDIUM
10131783,14186,170,1344.37,2024-04-28 03:21:54,FAILED,UPI,Surat,DEBIT,23988.666666666668,40,MEDIUM
10011839,14196,234,3180.07,2024-01-11 00:36:07,FAILED,UPI,Vadodara,DEBIT,,40,MEDIUM
10138953,14196,79,47513.78,2024-05-06 02:23:22,FAILED,WALLET,Vadodara,DEBIT,28301.0,40,MEDIUM
10041820,14224,765,2484.89,2024-02-08 03:43:39,FAILED,UPI,Chennai,DEBIT,,40,MEDIUM
10097178,14226,8,9226.8,2024-03-26 17:35:30,SUCCESS,NETBANKING,Coimbatore,DEBIT,2.933333333333333,30,MEDIUM
10156824,14292,519,2128.14,2024-05-21 00:37:25,FAILED,CARD,Nagpur,DEBIT,13265.816666666668,40,MEDIUM
10125973,14321,48,3489.89,2024-04-22 23:17:50,FAILED,CARD,Indore,DEBIT,21058.233333333334,40,MEDIUM
10008258,14358,649,3541.09,2024-01-08 02:53:20,FAILED,UPI,Vadodara,DEBIT,,40,MEDIUM
10098798,14377,334,2824.08,2024-03-28 04:26:28,FAILED,CARD,Pune,DEBIT,29452.783333333333,40,MEDIUM
10084681,14462,502,2750.14,2024-03-16 01:03:01,FAILED,CARD,Vadodara,DEBIT,3723.8,40,MEDIUM
10063254,14485,524,518.95,2024-02-25 23:30:53,FAILED,UPI,Bhopal,DEBIT,33927.96666666667,40,MEDIUM
10115501,14501,524,1549.49,2024-04-14 07:17:38,SUCCESS,CARD,Jaipur,DEBIT,1.3666666666666667,30,MEDIUM
10115918,14501,66,2993.51,2024-04-14 13:32:58,SUCCESS,CARD,Jaipur,DEBIT,0.9833333333333333,30,MEDIUM
10116229,14501,766,1032.33,2024-04-14 17:30:14,SUCCESS,UPI,Jaipur,DEBIT,3.283333333333333,30,MEDIUM
10116528,14501,579,1675.61,2024-04-14 20:49:01,SUCCESS,CARD,Jaipur,DEBIT,4.95,30,MEDIUM
10116638,14501,304,741.92,2024-04-14 22:49:18,SUCCESS,UPI,Jaipur,DEBIT,2.3333333333333335,30,MEDIUM
10166701,14502,133,1568.54,2024-05-31 11:22:58,SUCCESS,CARD,Bengaluru,DEBIT,0.26666666666666666,30,MEDIUM
10166715,14502,119,412.09,2024-05-31 16:58:40,SUCCESS,UPI,Bengaluru,DEBIT,2.816666666666667,30,MEDIUM
10078774,14503,718,2522.69,2024-03-11 02:42:50,SUCCESS,NETBANKING,Thiruvananthapuram,DEBIT,0.6333333333333333,50,MEDIUM
10079443,14503,237,1371.82,2024-03-11 16:20:50,SUCCESS,UPI,Thiruvananthapuram,DEBIT,0.45,30,MEDIUM
10079804,14503,757,270.53,2024-03-11 19:58:58,SUCCESS,UPI,Thiruvananthapuram,DEBIT,4.433333333333334,30,MEDIUM
10079808,14503,664,2436.53,2024-03-11 20:01:08,SUCCESS,UPI,Thiruvananthapuram,DEBIT,2.1666666666666665,30,MEDIUM
10079810,14503,365,170.83,2024-03-11 20:05:20,SUCCESS,CARD,Thiruvananthapuram,DEBIT,4.2,30,MEDIUM
10010703,14504,639,2133.37,2024-01-10 07:57:30,SUCCESS,CARD,Nagpur,DEBIT,1.05,30,MEDIUM
10011065,14504,645,470.9,2024-01-10 12:34:27,SUCCESS,UPI,Nagpur,DEBIT,4.4,30,MEDIUM
10011111,14504,686,1130.04,2024-01-10 13:09:43,SUCCESS,CARD,Nagpur,DEBIT,2.5833333333333335,30,MEDIUM
10011112,14504,81,858.68,2024-01-10 13:10:54,SUCCESS,CARD,Nagpur,DEBIT,1.1833333333333333,30,MEDIUM
10011315,14504,258,926.85,2024-01-10 16:19:07,SUCCESS,UPI,Nagpur,DEBIT,1.8333333333333333,30,MEDIUM
10011450,14504,511,1376.74,2024-01-10 18:01:28,SUCCESS,CARD,Nagpur,DEBIT,4.733333333333333,30,MEDIUM
10011455,14504,664,2151.57,2024-01-10 18:04:14,SUCCESS,UPI,Nagpur,DEBIT,2.7666666666666666,30,MEDIUM
10078976,14505,517,366.1,2024-03-11 10:02:47,SUCCESS,NETBANKING,Bhopal,DEBIT,4.6,30,MEDIUM
10079035,14505,348,442.6,2024-03-11 10:47:12,SUCCESS,UPI,Bhopal,DEBIT,4.383333333333334,30,MEDIUM
10079181,14505,542,1439.58,2024-03-11 12:32:59,SUCCESS,CARD,Bhopal,DEBIT,2.0833333333333335,30,MEDIUM
10079293,14505,470,2222.3,2024-03-11 14:31:38,SUCCESS,UPI,Bhopal,DEBIT,1.5333333333333334,30,MEDIUM
10079565,14505,21,1970.96,2024-03-11 17:37:33,SUCCESS,CARD,Bhopal,DEBIT,0.4166666666666667,30,MEDIUM
10079679,14505,209,2927.57,2024-03-11 18:50:44,SUCCESS,CARD,Bhopal,DEBIT,0.31666666666666665,30,MEDIUM
10075149,14506,704,1298.59,2024-03-08 04:28:11,SUCCESS,CARD,Chennai,DEBIT,0.9,50,MEDIUM
10075197,14506,283,441.29,2024-03-08 07:31:46,SUCCESS,CARD,Chennai,DEBIT,1.55,30,MEDIUM
10075836,14506,272,1168.87,2024-03-08 16:28:16,SUCCESS,UPI,Chennai,DEBIT,0.9666666666666667,30,MEDIUM
10075842,14506,392,361.29,2024-03-08 16:31:55,SUCCESS,CARD,Chennai,DEBIT,3.65,30,MEDIUM
10075913,14506,179,1836.61,2024-03-08 17:24:58,SUCCESS,UPI,Chennai,DEBIT,1.1333333333333333,30,MEDIUM
10075948,14506,281,2771.18,2024-03-08 17:50:45,SUCCESS,UPI,Chennai,DEBIT,2.2,30,MEDIUM
10076187,14506,679,2420.22,2024-03-08 20:37:35,SUCCESS,UPI,Chennai,DEBIT,3.65,30,MEDIUM
10076190,14506,241,1284.83,2024-03-08 20:39:25,SUCCESS,WALLET,Chennai,DEBIT,1.8333333333333333,30,MEDIUM
10143795,14507,128,2090.02,2024-05-10 02:49:35,SUCCESS,UPI,Indore,DEBIT,3.6666666666666665,50,MEDIUM
10143818,14507,402,835.2,2024-05-10 04:00:32,SUCCESS,CARD,Indore,DEBIT,3.283333333333333,50,MEDIUM
10143855,14507,160,417.36,2024-05-10 06:13:58,SUCCESS,CARD,Indore,DEBIT,3.65,30,MEDIUM
10143891,14507,410,2407.17,2024-05-10 07:49:37,SUCCESS,CARD,Indore,DEBIT,0.5166666666666667,30,MEDIUM
10144392,14507,701,1585.39,2024-05-10 14:40:16,SUCCESS,CARD,Indore,DEBIT,2.9166666666666665,30,MEDIUM
10144972,14507,610,982.22,2024-05-10 22:23:18,SUCCESS,CARD,Indore,DEBIT,0.13333333333333333,30,MEDIUM
10087047,14508,210,1004.12,2024-03-18 05:18:25,SUCCESS,UPI,Kolkata,DEBIT,0.6833333333333333,30,MEDIUM
10087059,14508,243,1209.76,2024-03-18 06:35:09,SUCCESS,UPI,Kolkata,DEBIT,0.48333333333333334,30,MEDIUM
10087064,14508,90,1180.15,2024-03-18 06:56:52,SUCCESS,CARD,Kolkata,DEBIT,3.45,30,MEDIUM
10087110,14508,719,1464.57,2024-03-18 08:37:27,SUCCESS,CARD,Kolkata,DEBIT,2.85,30,MEDIUM
10087177,14508,705,141.14,2024-03-18 09:39:18,SUCCESS,CARD,Kolkata,DEBIT,1.65,30,MEDIUM
10087267,14508,346,537.48,2024-03-18 10:51:39,SUCCESS,CARD,Kolkata,DEBIT,4.7,30,MEDIUM
10087433,14508,234,2785.26,2024-03-18 12:44:35,SUCCESS,NETBANKING,Kolkata,DEBIT,3.6166666666666667,30,MEDIUM
10087603,14508,405,1798.19,2024-03-18 15:24:29,SUCCESS,CARD,Kolkata,DEBIT,1.0833333333333333,30,MEDIUM
10087969,14508,86,2189.79,2024-03-18 20:20:18,SUCCESS,CARD,Kolkata,DEBIT,2.0,30,MEDIUM
10039436,14509,704,1594.7,2024-02-06 08:42:54,SUCCESS,CARD,Coimbatore,DEBIT,1.3333333333333333,30,MEDIUM
10039439,14509,720,304.69,2024-02-06 08:45:53,SUCCESS,CARD,Coimbatore,DEBIT,2.9833333333333334,30,MEDIUM
10039444,14509,595,1908.83,2024-02-06 08:50:10,SUCCESS,WALLET,Coimbatore,DEBIT,4.283333333333333,30,MEDIUM
10039450,14509,153,545.18,2024-02-06 08:54:55,SUCCESS,UPI,Coimbatore,DEBIT,4.75,30,MEDIUM
10039907,14509,756,1847.06,2024-02-06 14:58:06,SUCCESS,UPI,Coimbatore,DEBIT,3.3833333333333333,30,MEDIUM
10039979,14509,145,1875.66,2024-02-06 15:58:54,SUCCESS,CARD,Coimbatore,DEBIT,3.3,30,MEDIUM
10121278,14510,753,2890.99,2024-04-19 00:10:31,SUCCESS,UPI,Lucknow,DEBIT,0.16666666666666666,50,MEDIUM
10121285,14510,687,1379.83,2024-04-19 00:40:18,SUCCESS,UPI,Lucknow,DEBIT,4.933333333333334,50,MEDIUM
10121293,14510,43,1102.24,2024-04-19 01:20:50,SUCCESS,WALLET,Lucknow,DEBIT,1.05,50,MEDIUM
10121294,14510,144,2419.66,2024-04-19 01:22:26,SUCCESS,CARD,Lucknow,DEBIT,1.6,50,MEDIUM
10121320,14510,139,2341.28,2024-04-19 03:42:45,SUCCESS,UPI,Lucknow,DEBIT,2.6333333333333333,50,MEDIUM
10121321,14510,83,428.05,2024-04-19 03:43:38,SUCCESS,UPI,Lucknow,DEBIT,0.8833333333333333,50,MEDIUM
10121371,14510,284,687.21,2024-04-19 06:55:52,SUCCESS,CARD,Lucknow,DEBIT,3.966666666666667,30,MEDIUM
10121763,14510,568,2740.45,2024-04-19 13:03:21,SUCCESS,UPI,Lucknow,DEBIT,2.7666666666666666,30,MEDIUM
10121764,14510,173,707.59,2024-04-19 13:04:00,SUCCESS,UPI,Lucknow,DEBIT,0.65,30,MEDIUM
10121812,14510,167,2892.64,2024-04-19 13:51:35,SUCCESS,UPI,Lucknow,DEBIT,4.083333333333333,30,MEDIUM
10121921,14510,502,1779.66,2024-04-19 15:43:29,SUCCESS,UPI,Lucknow,DEBIT,4.366666666666666,30,MEDIUM
10121940,14510,161,2529.57,2024-04-19 15:57:53,SUCCESS,NETBANKING,Lucknow,DEBIT,1.25,30,MEDIUM
10189821,14511,641,2915.59,2024-06-20 02:33:05,SUCCESS,UPI,Vadodara,DEBIT,1.8666666666666667,50,MEDIUM
10189862,14511,445,2780.84,2024-06-20 04:38:35,SUCCESS,UPI,Vadodara,DEBIT,4.233333333333333,50,MEDIUM
10189901,14511,162,912.38,2024-06-20 07:24:48,SUCCESS,CARD,Vadodara,DEBIT,1.7833333333333334,30,MEDIUM
10189905,14511,689,1852.06,2024-06-20 07:27:33,SUCCESS,UPI,Vadodara,DEBIT,2.75,30,MEDIUM
10190149,14511,342,603.73,2024-06-20 11:33:35,SUCCESS,UPI,Vadodara,DEBIT,2.5166666666666666,30,MEDIUM
10190478,14511,97,2220.98,2024-06-20 16:01:53,SUCCESS,UPI,Vadodara,DEBIT,0.5,30,MEDIUM
10190587,14511,432,1339.21,2024-06-20 17:28:05,SUCCESS,UPI,Vadodara,DEBIT,3.5166666666666666,30,MEDIUM
10191010,14511,595,1701.27,2024-06-20 23:24:43,SUCCESS,UPI,Vadodara,DEBIT,4.633333333333334,50,MEDIUM
10062068,14512,180,1120.08,2024-02-25 07:07:49,SUCCESS,CARD,Lucknow,DEBIT,3.8333333333333335,30,MEDIUM
10062415,14512,317,396.13,2024-02-25 12:38:11,SUCCESS,UPI,Lucknow,DEBIT,0.8833333333333333,30,MEDIUM
10062455,14512,150,1526.22,2024-02-25 13:08:38,SUCCESS,NETBANKING,Lucknow,DEBIT,4.35,30,MEDIUM
10062572,14512,86,2896.67,2024-02-25 14:46:10,SUCCESS,UPI,Lucknow,DEBIT,3.4833333333333334,30,MEDIUM
10063067,14512,111,198.1,2024-02-25 20:14:29,SUCCESS,CARD,Lucknow,DEBIT,4.9,30,MEDIUM
10065691,14513,612,609.33,2024-02-28 03:34:37,SUCCESS,UPI,Kochi,DEBIT,3.55,50,MEDIUM
10065709,14513,733,2997.2,2024-02-28 04:37:44,SUCCESS,CARD,Kochi,DEBIT,0.3333333333333333,50,MEDIUM
10065928,14513,403,1752.03,2024-02-28 10:31:17,SUCCESS,UPI,Kochi,DEBIT,2.1166666666666667,30,MEDIUM
10066226,14513,540,2088.47,2024-02-28 13:47:41,SUCCESS,NETBANKING,Kochi,DEBIT,1.5666666666666667,30,MEDIUM
10066233,14513,456,2484.05,2024-02-28 13:52:38,SUCCESS,UPI,Kochi,DEBIT,4.95,30,MEDIUM
10057250,14514,667,1229.7,2024-02-21 07:05:54,SUCCESS,UPI,Ahmedabad,DEBIT,1.15,30,MEDIUM
10057253,14514,695,2682.71,2024-02-21 07:09:34,SUCCESS,UPI,Ahmedabad,DEBIT,3.6666666666666665,30,MEDIUM
10057266,14514,613,1364.71,2024-02-21 07:37:24,SUCCESS,NETBANKING,Ahmedabad,DEBIT,0.1,30,MEDIUM
10057888,14514,624,2531.75,2024-02-21 16:15:06,SUCCESS,UPI,Ahmedabad,DEBIT,0.36666666666666664,30,MEDIUM
10058026,14514,148,1103.97,2024-02-21 17:46:44,SUCCESS,CARD,Ahmedabad,DEBIT,0.8833333333333333,30,MEDIUM
10058055,14514,256,2291.9,2024-02-21 18:01:04,SUCCESS,UPI,Ahmedabad,DEBIT,3.1666666666666665,30,MEDIUM
10058056,14514,757,2144.91,2024-02-21 18:01:09,SUCCESS,UPI,Ahmedabad,DEBIT,0.08333333333333333,30,MEDIUM
10058060,14514,721,1250.88,2024-02-21 18:04:29,SUCCESS,CARD,Ahmedabad,DEBIT,3.3333333333333335,30,MEDIUM
10092919,14515,26,2128.66,2024-03-23 02:00:17,SUCCESS,WALLET,Visakhapatnam,DEBIT,3.466666666666667,50,MEDIUM
10093351,14515,514,1265.91,2024-03-23 13:17:49,SUCCESS,UPI,Visakhapatnam,DEBIT,4.016666666666667,30,MEDIUM
10093894,14515,289,2515.78,2024-03-23 19:52:57,SUCCESS,UPI,Visakhapatnam,DEBIT,1.6833333333333333,30,MEDIUM
10094123,14515,642,1439.38,2024-03-23 23:58:29,SUCCESS,UPI,Visakhapatnam,DEBIT,3.15,50,MEDIUM
10088145,14516,345,2506.46,2024-03-19 02:25:22,SUCCESS,UPI,Surat,DEBIT,4.55,50,MEDIUM
10088163,14516,563,1280.45,2024-03-19 03:39:23,SUCCESS,CARD,Surat,DEBIT,1.9333333333333333,50,MEDIUM
10088164,14516,645,1721.76,2024-03-19 03:40:21,SUCCESS,UPI,Surat,DEBIT,0.9666666666666667,50,MEDIUM
10088300,14516,548,1697.61,2024-03-19 09:17:05,SUCCESS,CARD,Surat,DEBIT,0.75,30,MEDIUM
10088984,14516,582,1835.02,2024-03-19 17:50:02,SUCCESS,NETBANKING,Surat,DEBIT,4.05,30,MEDIUM
10089258,14516,243,1236.18,2024-03-19 20:56:52,SUCCESS,WALLET,Surat,DEBIT,2.5,30,MEDIUM
10193579,14517,17,1247.25,2024-06-23 06:14:55,SUCCESS,CARD,Bhopal,DEBIT,4.3,30,MEDIUM
10193719,14517,262,457.78,2024-06-23 09:41:45,SUCCESS,UPI,Bhopal,DEBIT,3.466666666666667,30,MEDIUM
10193767,14517,263,439.34,2024-06-23 10:13:55,SUCCESS,CARD,Bhopal,DEBIT,0.95,30,MEDIUM
10193990,14517,666,2321.18,2024-06-23 12:48:38,SUCCESS,WALLET,Bhopal,DEBIT,3.533333333333333,30,MEDIUM
10194443,14517,752,2996.71,2024-06-23 19:31:24,SUCCESS,CARD,Bhopal,DEBIT,4.483333333333333,30,MEDIUM
10116713,14518,647,1900.42,2024-04-15 04:35:10,SUCCESS,CARD,Chennai,DEBIT,3.683333333333333,50,MEDIUM
10116776,14518,329,1520.03,2024-04-15 07:49:28,SUCCESS,UPI,Chennai,DEBIT,0.18333333333333332,30,MEDIUM
10116835,14518,459,2253.47,2024-04-15 09:15:43,SUCCESS,UPI,Chennai,DEBIT,0.9833333333333333,30,MEDIUM
10117123,14518,69,2691.54,2024-04-15 12:58:24,SUCCESS,CARD,Chennai,DEBIT,3.2,30,MEDIUM
10117555,14518,420,452.59,2024-04-15 18:32:20,SUCCESS,UPI,Chennai,DEBIT,0.08333333333333333,30,MEDIUM
10117714,14518,453,798.28,2024-04-15 20:29:15,SUCCESS,UPI,Chennai,DEBIT,1.6166666666666667,30,MEDIUM
10117825,14518,487,1473.59,2024-04-15 22:16:37,SUCCESS,UPI,Chennai,DEBIT,3.466666666666667,30,MEDIUM
10058418,14519,391,2212.82,2024-02-22 00:53:25,SUCCESS,CARD,Vadodara,DEBIT,0.7166666666666667,50,MEDIUM
10058424,14519,555,2578.58,2024-02-22 01:31:24,SUCCESS,UPI,Vadodara,DEBIT,3.1,50,MEDIUM
10058479,14519,560,1161.13,2024-02-22 05:19:49,SUCCESS,UPI,Vadodara,DEBIT,0.23333333333333334,30,MEDIUM
10058556,14519,561,596.05,2024-02-22 08:47:20,SUCCESS,UPI,Vadodara,DEBIT,4.083333333333333,30,MEDIUM
10058741,14519,561,2961.35,2024-02-22 11:11:23,SUCCESS,CARD,Vadodara,DEBIT,2.7666666666666666,30,MEDIUM
10058928,14519,497,2990.89,2024-02-22 13:44:11,SUCCESS,CARD,Vadodara,DEBIT,1.8666666666666667,30,MEDIUM
10059348,14519,368,1148.71,2024-02-22 18:57:59,SUCCESS,UPI,Vadodara,DEBIT,3.716666666666667,30,MEDIUM
10059493,14519,753,1158.98,2024-02-22 20:49:52,SUCCESS,CARD,Vadodara,DEBIT,2.3833333333333333,30,MEDIUM
10023866,14520,638,1050.17,2024-01-21 02:48:58,SUCCESS,NETBANKING,Visakhapatnam,DEBIT,2.35,50,MEDIUM
10023922,14520,136,284.56,2024-01-21 07:07:42,SUCCESS,WALLET,Visakhapatnam,DEBIT,3.3833333333333333,30,MEDIUM
10023923,14520,144,623.8,2024-01-21 07:10:30,SUCCESS,CARD,Visakhapatnam,DEBIT,2.8,30,MEDIUM
10023980,14520,571,191.59,2024-01-21 08:49:45,SUCCESS,UPI,Visakhapatnam,DEBIT,0.35,30,MEDIUM
10024206,14520,71,1707.31,2024-01-21 11:51:50,SUCCESS,UPI,Visakhapatnam,DEBIT,3.8666666666666667,30,MEDIUM
10024267,14520,550,368.13,2024-01-21 12:45:10,SUCCESS,UPI,Visakhapatnam,DEBIT,4.45,30,MEDIUM
10024347,14520,639,1813.76,2024-01-21 13:56:17,SUCCESS,UPI,Visakhapatnam,DEBIT,2.0166666666666666,30,MEDIUM
10024648,14520,769,2980.0,2024-01-21 17:54:13,SUCCESS,UPI,Visakhapatnam,DEBIT,1.4833333333333334,30,MEDIUM
10024650,14520,274,841.28,2024-01-21 17:56:17,SUCCESS,UPI,Visakhapatnam,DEBIT,2.066666666666667,30,MEDIUM
10172854,14521,112,2332.84,2024-06-06 02:16:40,SUCCESS,UPI,Kochi,DEBIT,3.683333333333333,50,MEDIUM
10172891,14521,40,2010.5,2024-06-06 04:53:00,SUCCESS,UPI,Kochi,DEBIT,3.4833333333333334,50,MEDIUM
10172897,14521,489,1026.2,2024-06-06 05:14:44,SUCCESS,UPI,Kochi,DEBIT,1.1333333333333333,30,MEDIUM
10172927,14521,485,1023.87,2024-06-06 07:25:52,SUCCESS,CARD,Kochi,DEBIT,2.1,30,MEDIUM
10173435,14521,788,358.53,2024-06-06 14:52:01,SUCCESS,UPI,Kochi,DEBIT,3.8,30,MEDIUM
10173800,14521,150,836.13,2024-06-06 19:22:32,SUCCESS,NETBANKING,Kochi,DEBIT,3.816666666666667,30,MEDIUM
10173930,14521,511,1032.7,2024-06-06 21:03:31,SUCCESS,NETBANKING,Kochi,DEBIT,1.5,30,MEDIUM
10164215,14522,659,1109.9,2024-05-27 06:38:45,SUCCESS,UPI,Bengaluru,DEBIT,3.566666666666667,30,MEDIUM
10164633,14522,741,176.47,2024-05-27 13:13:11,SUCCESS,CARD,Bengaluru,DEBIT,2.9166666666666665,30,MEDIUM
10164860,14522,231,1597.28,2024-05-27 16:53:47,SUCCESS,NETBANKING,Bengaluru,DEBIT,3.4833333333333334,30,MEDIUM
10165311,14522,265,1447.36,2024-05-27 23:35:38,SUCCESS,CARD,Bengaluru,DEBIT,2.0166666666666666,50,MEDIUM
10165312,14522,592,1851.4,2024-05-27 23:37:28,SUCCESS,CARD,Bengaluru,DEBIT,1.8333333333333333,50,MEDIUM
10069281,14523,720,168.82,2024-03-03 02:48:54,SUCCESS,NETBANKING,Thiruvananthapuram,DEBIT,0.5666666666666667,50,MEDIUM
10069341,14523,554,351.5,2024-03-03 07:06:05,SUCCESS,NETBANKING,Thiruvananthapuram,DEBIT,4.183333333333334,30,MEDIUM
10069557,14523,676,1007.27,2024-03-03 11:03:12,SUCCESS,WALLET,Thiruvananthapuram,DEBIT,0.6,30,MEDIUM
10069761,14523,37,2098.12,2024-03-03 14:02:30,SUCCESS,CARD,Thiruvananthapuram,DEBIT,0.31666666666666665,30,MEDIUM
10069762,14523,311,1523.57,2024-03-03 14:04:13,SUCCESS,CARD,Thiruvananthapuram,DEBIT,1.7166666666666666,30,MEDIUM
10070183,14523,44,2493.31,2024-03-03 19:19:43,SUCCESS,CARD,Thiruvananthapuram,DEBIT,3.15,30,MEDIUM
10070395,14523,327,2521.39,2024-03-03 22:33:53,SUCCESS,UPI,Thiruvananthapuram,DEBIT,1.6,30,MEDIUM
10194721,14524,406,2196.99,2024-06-24 04:03:14,SUCCESS,NETBANKING,Mumbai,DEBIT,3.5833333333333335,50,MEDIUM
10194812,14524,561,2525.06,2024-06-24 08:25:19,SUCCESS,CARD,Mumbai,DEBIT,2.6166666666666667,30,MEDIUM
10194981,14524,66,973.73,2024-06-24 10:40:47,SUCCESS,UPI,Mumbai,DEBIT,2.65,30,MEDIUM
10195102,14524,418,2818.16,2024-06-24 11:57:22,SUCCESS,NETBANKING,Mumbai,DEBIT,4.216666666666667,30,MEDIUM
10195217,14524,78,2727.0,2024-06-24 13:32:06,SUCCESS,UPI,Mumbai,DEBIT,3.9166666666666665,30,MEDIUM
10195378,14524,39,2446.75,2024-06-24 16:06:52,SUCCESS,UPI,Mumbai,DEBIT,3.566666666666667,30,MEDIUM
10160882,14525,629,1148.99,2024-05-24 09:31:15,SUCCESS,CARD,Chandigarh,DEBIT,4.416666666666667,30,MEDIUM
10161156,14525,227,2385.54,2024-05-24 13:03:55,SUCCESS,CARD,Chandigarh,DEBIT,4.066666666666666,30,MEDIUM
10161188,14525,110,2443.9,2024-05-24 13:33:22,SUCCESS,UPI,Chandigarh,DEBIT,4.933333333333334,30,MEDIUM
10161379,14525,450,997.1,2024-05-24 16:16:51,SUCCESS,UPI,Chandigarh,DEBIT,2.2333333333333334,30,MEDIUM
10161529,14525,190,1609.11,2024-05-24 18:11:48,SUCCESS,CARD,Chandigarh,DEBIT,0.016666666666666666,30,MEDIUM
10161565,14525,520,1344.94,2024-05-24 18:40:50,SUCCESS,UPI,Chandigarh,DEBIT,1.1166666666666667,30,MEDIUM
10161568,14525,505,516.5,2024-05-24 18:44:32,SUCCESS,UPI,Chandigarh,DEBIT,3.7,30,MEDIUM
10166637,14526,318,472.37,2024-05-30 01:53:55,SUCCESS,NETBANKING,Visakhapatnam,DEBIT,4.233333333333333,50,MEDIUM
10166640,14526,325,179.45,2024-05-30 03:03:10,SUCCESS,UPI,Visakhapatnam,DEBIT,0.95,50,MEDIUM
10166659,14526,131,1021.19,2024-05-30 13:40:57,SUCCESS,CARD,Visakhapatnam,DEBIT,0.85,30,MEDIUM
10166664,14526,342,1889.1,2024-05-30 15:21:29,SUCCESS,UPI,Visakhapatnam,DEBIT,0.95,30,MEDIUM
10166666,14526,32,437.59,2024-05-30 15:52:23,SUCCESS,UPI,Visakhapatnam,DEBIT,0.13333333333333333,30,MEDIUM
10166680,14526,20,136.39,2024-05-30 21:21:59,SUCCESS,UPI,Visakhapatnam,DEBIT,3.65,30,MEDIUM
10166685,14526,708,2550.91,2024-05-30 23:31:53,SUCCESS,CARD,Visakhapatnam,DEBIT,0.3333333333333333,50,MEDIUM
10035718,14527,797,1646.24,2024-02-03 03:17:26,SUCCESS,UPI,Hyderabad,DEBIT,3.6,50,MEDIUM
10035754,14527,34,2788.27,2024-02-03 06:36:07,SUCCESS,UPI,Hyderabad,DEBIT,2.45,30,MEDIUM
10035894,14527,767,1750.24,2024-02-03 10:11:52,SUCCESS,UPI,Hyderabad,DEBIT,0.1,30,MEDIUM
10035915,14527,178,1099.04,2024-02-03 10:30:29,SUCCESS,CARD,Hyderabad,DEBIT,3.6666666666666665,30,MEDIUM
10035951,14527,356,1459.69,2024-02-03 10:54:31,SUCCESS,UPI,Hyderabad,DEBIT,2.466666666666667,30,MEDIUM
10035955,14527,497,1341.5,2024-02-03 10:56:48,SUCCESS,UPI,Hyderabad,DEBIT,2.283333333333333,30,MEDIUM
10035962,14527,660,2259.16,2024-02-03 10:59:16,SUCCESS,UPI,Hyderabad,DEBIT,2.466666666666667,30,MEDIUM
10036451,14527,191,2359.81,2024-02-03 17:15:03,SUCCESS,UPI,Hyderabad,DEBIT,4.4,30,MEDIUM
10036456,14527,321,375.65,2024-02-03 17:18:38,SUCCESS,UPI,Hyderabad,DEBIT,3.5833333333333335,30,MEDIUM
10036517,14527,55,1180.82,2024-02-03 18:00:03,SUCCESS,CARD,Hyderabad,DEBIT,0.5,30,MEDIUM
10036620,14527,322,1390.85,2024-02-03 19:08:40,SUCCESS,UPI,Hyderabad,DEBIT,3.566666666666667,30,MEDIUM
10036750,14527,92,2693.97,2024-02-03 20:34:49,SUCCESS,UPI,Hyderabad,DEBIT,1.95,30,MEDIUM
10036794,14527,404,405.84,2024-02-03 21:15:54,SUCCESS,NETBANKING,Hyderabad,DEBIT,2.2,30,MEDIUM
10175238,14528,523,668.49,2024-06-08 00:11:30,SUCCESS,UPI,Delhi,DEBIT,0.1,50,MEDIUM
10175240,14528,46,1262.25,2024-06-08 00:15:46,SUCCESS,CARD,Delhi,DEBIT,4.266666666666667,50,MEDIUM
10175248,14528,524,660.57,2024-06-08 00:39:45,SUCCESS,UPI,Delhi,DEBIT,0.65,50,MEDIUM
10175326,14528,418,928.08,2024-06-08 05:47:50,SUCCESS,UPI,Delhi,DEBIT,2.783333333333333,30,MEDIUM
10175460,14528,754,1499.24,2024-06-08 09:28:20,SUCCESS,UPI,Delhi,DEBIT,4.733333333333333,30,MEDIUM
10044141,14529,88,1416.82,2024-02-10 01:15:45,SUCCESS,CARD,Thiruvananthapuram,DEBIT,4.133333333333334,50,MEDIUM
10044169,14529,77,1590.06,2024-02-10 03:28:38,SUCCESS,CARD,Thiruvananthapuram,DEBIT,1.9166666666666667,50,MEDIUM
10044240,14529,460,1584.81,2024-02-10 07:27:45,SUCCESS,UPI,Thiruvananthapuram,DEBIT,1.3666666666666667,30,MEDIUM
10044242,14529,566,2823.9,2024-02-10 07:31:23,SUCCESS,UPI,Thiruvananthapuram,DEBIT,3.6333333333333333,30,MEDIUM
10044269,14529,478,1889.1,2024-02-10 08:20:25,SUCCESS,CARD,Thiruvananthapuram,DEBIT,1.1333333333333333,30,MEDIUM
10044532,14529,690,783.48,2024-02-10 11:48:21,SUCCESS,NETBANKING,Thiruvananthapuram,DEBIT,4.766666666666667,30,MEDIUM
10045036,14529,772,1864.16,2024-02-10 18:37:59,SUCCESS,UPI,Thiruvananthapuram,DEBIT,0.9166666666666666,30,MEDIUM
10045213,14529,58,119.25,2024-02-10 20:40:50,SUCCESS,UPI,Thiruvananthapuram,DEBIT,4.066666666666666,30,MEDIUM
10045308,14529,628,824.01,2024-02-10 22:33:38,SUCCESS,CARD,Thiruvananthapuram,DEBIT,4.4,30,MEDIUM
10091692,14530,53,1129.88,2024-03-22 01:04:27,SUCCESS,CARD,Delhi,DEBIT,4.4,50,MEDIUM
10091706,14530,276,2813.44,2024-03-22 02:05:07,SUCCESS,UPI,Delhi,DEBIT,2.033333333333333,50,MEDIUM
10091767,14530,726,2541.38,2024-03-22 06:27:23,SUCCESS,UPI,Delhi,DEBIT,1.4333333333333333,30,MEDIUM
10092199,14530,467,1003.84,2024-03-22 13:46:51,SUCCESS,CARD,Delhi,DEBIT,0.5666666666666667,30,MEDIUM
10092200,14530,458,2470.55,2024-03-22 13:47:42,SUCCESS,UPI,Delhi,DEBIT,0.85,30,MEDIUM
10165327,14556,643,4.67,2024-05-28 00:40:42,SUCCESS,CARD,Chandigarh,DEBIT,0.75,50,MEDIUM
10165328,14556,533,5.81,2024-05-28 00:42:18,SUCCESS,CARD,Chandigarh,DEBIT,1.6,50,MEDIUM
10165331,14556,208,9.51,2024-05-28 00:44:30,SUCCESS,CARD,Chandigarh,DEBIT,2.2,50,MEDIUM
10165510,14556,600,4.94,2024-05-28 09:06:11,SUCCESS,CARD,Chandigarh,DEBIT,4.683333333333334,30,MEDIUM
10165774,14556,786,7.21,2024-05-28 11:52:25,SUCCESS,CARD,Chandigarh,DEBIT,0.5,30,MEDIUM
10165969,14556,534,1.99,2024-05-28 14:25:37,SUCCESS,CARD,Chandigarh,DEBIT,3.85,30,MEDIUM
10166055,14556,120,3.66,2024-05-28 15:33:16,SUCCESS,CARD,Chandigarh,DEBIT,1.3666666666666667,30,MEDIUM
10166616,14556,721,2.77,2024-05-28 22:52:03,SUCCESS,CARD,Chandigarh,DEBIT,3.35,30,MEDIUM
10077558,14557,68,2.48,2024-03-10 01:30:32,SUCCESS,CARD,Pune,DEBIT,3.816666666666667,50,MEDIUM
10077564,14557,348,3.57,2024-03-10 02:03:33,SUCCESS,CARD,Pune,DEBIT,4.25,50,MEDIUM
10077566,14557,197,9.4,2024-03-10 02:14:34,SUCCESS,CARD,Pune,DEBIT,1.05,50,MEDIUM
10077567,14557,80,8.06,2024-03-10 02:16:59,SUCCESS,CARD,Pune,DEBIT,2.4166666666666665,50,MEDIUM
10077569,14557,104,9.14,2024-03-10 02:21:21,SUCCESS,CARD,Pune,DEBIT,4.366666666666666,50,MEDIUM
10077587,14557,305,9.98,2024-03-10 03:22:43,SUCCESS,CARD,Pune,DEBIT,3.3666666666666667,50,MEDIUM
10077589,14557,762,4.38,2024-03-10 03:25:46,SUCCESS,CARD,Pune,DEBIT,3.05,50,MEDIUM
10077929,14557,230,2.05,2024-03-10 11:52:14,SUCCESS,CARD,Pune,DEBIT,4.4,30,MEDIUM
10077958,14557,454,9.54,2024-03-10 12:06:22,SUCCESS,CARD,Pune,DEBIT,3.2333333333333334,30,MEDIUM
10077999,14557,737,7.58,2024-03-10 12:46:33,SUCCESS,CARD,Pune,DEBIT,4.116666666666666,30,MEDIUM
10078121,14557,588,8.92,2024-03-10 14:34:58,SUCCESS,CARD,Pune,DEBIT,1.8166666666666667,30,MEDIUM
10078127,14557,474,8.07,2024-03-10 14:37:56,SUCCESS,CARD,Pune,DEBIT,2.966666666666667,30,MEDIUM
10078130,14557,558,5.57,2024-03-10 14:38:56,SUCCESS,CARD,Pune,DEBIT,1.0,30,MEDIUM
10078143,14557,401,8.97,2024-03-10 14:51:44,SUCCESS,CARD,Pune,DEBIT,4.533333333333333,30,MEDIUM
10078579,14557,390,4.03,2024-03-10 20:36:51,SUCCESS,CARD,Pune,DEBIT,2.6333333333333333,30,MEDIUM
10078684,14557,69,4.51,2024-03-10 22:32:39,SUCCESS,CARD,Pune,DEBIT,3.816666666666667,30,MEDIUM
10128279,14558,394,4.23,2024-04-25 01:31:00,SUCCESS,CARD,Bhopal,DEBIT,1.65,50,MEDIUM
10128292,14558,701,2.34,2024-04-25 03:11:33,SUCCESS,CARD,Bhopal,DEBIT,0.7666666666666667,50,MEDIUM
10128742,14558,407,1.57,2024-04-25 13:14:53,SUCCESS,CARD,Bhopal,DEBIT,2.066666666666667,30,MEDIUM
10129200,14558,729,3.75,2024-04-25 19:27:02,SUCCESS,CARD,Bhopal,DEBIT,2.5166666666666666,30,MEDIUM
10129370,14558,225,9.83,2024-04-25 22:08:32,SUCCESS,CARD,Bhopal,DEBIT,0.016666666666666666,30,MEDIUM
10170473,14559,381,2.32,2024-06-04 05:53:47,SUCCESS,CARD,Jaipur,DEBIT,1.2333333333333334,30,MEDIUM
10170488,14559,378,9.55,2024-06-04 06:47:16,SUCCESS,CARD,Jaipur,DEBIT,3.15,30,MEDIUM
10170865,14559,502,4.79,2024-06-04 12:33:26,SUCCESS,CARD,Jaipur,DEBIT,2.183333333333333,30,MEDIUM
10170871,14559,280,6.07,2024-06-04 12:36:07,SUCCESS,CARD,Jaipur,DEBIT,2.683333333333333,30,MEDIUM
10170878,14559,260,3.12,2024-06-04 12:39:06,SUCCESS,CARD,Jaipur,DEBIT,2.9833333333333334,30,MEDIUM
10170891,14559,369,1.4,2024-06-04 12:53:44,SUCCESS,CARD,Jaipur,DEBIT,3.466666666666667,30,MEDIUM
10170917,14559,77,2.33,2024-06-04 13:17:10,SUCCESS,CARD,Jaipur,DEBIT,1.9,30,MEDIUM
10171126,14559,334,2.28,2024-06-04 16:22:03,SUCCESS,CARD,Jaipur,DEBIT,0.6833333333333333,30,MEDIUM
10171409,14559,656,2.11,2024-06-04 19:32:51,SUCCESS,CARD,Jaipur,DEBIT,2.7,30,MEDIUM
10171462,14559,324,8.41,2024-06-04 20:14:32,SUCCESS,CARD,Jaipur,DEBIT,1.65,30,MEDIUM
10178977,14560,416,8.61,2024-06-11 06:25:16,SUCCESS,CARD,Nagpur,DEBIT,4.3,30,MEDIUM
10179803,14560,729,1.3,2024-06-11 19:03:23,SUCCESS,CARD,Nagpur,DEBIT,4.2,30,MEDIUM
10101263,14561,414,5.84,2024-04-02 04:01:11,SUCCESS,CARD,Delhi,DEBIT,3.6,50,MEDIUM
10101404,14561,498,1.99,2024-04-02 09:22:33,SUCCESS,CARD,Delhi,DEBIT,4.466666666666667,30,MEDIUM
10102033,14561,433,5.65,2024-04-02 17:37:39,SUCCESS,CARD,Delhi,DEBIT,0.5833333333333334,30,MEDIUM
10102177,14561,484,4.07,2024-04-02 19:04:25,SUCCESS,CARD,Delhi,DEBIT,2.566666666666667,30,MEDIUM
10194760,14562,283,6.79,2024-06-24 06:35:16,SUCCESS,CARD,Pune,DEBIT,3.25,30,MEDIUM
10195200,14562,321,8.16,2024-06-24 13:18:07,SUCCESS,CARD,Pune,DEBIT,2.566666666666667,30,MEDIUM
10195533,14562,287,7.73,2024-06-24 17:56:04,SUCCESS,CARD,Pune,DEBIT,4.116666666666666,30,MEDIUM
10023926,14563,129,4.35,2024-01-21 07:18:18,SUCCESS,CARD,Jaipur,DEBIT,0.5,30,MEDIUM
10024238,14563,237,6.13,2024-01-21 12:17:15,SUCCESS,CARD,Jaipur,DEBIT,4.616666666666666,30,MEDIUM
10024529,14563,22,3.91,2024-01-21 16:24:28,SUCCESS,CARD,Jaipur,DEBIT,4.0,30,MEDIUM
10024803,14563,775,8.54,2024-01-21 19:20:25,SUCCESS,CARD,Jaipur,DEBIT,1.7666666666666666,30,MEDIUM
10050016,14564,133,1.74,2024-02-15 00:48:40,SUCCESS,CARD,Indore,DEBIT,1.45,50,MEDIUM
10050565,14564,675,5.87,2024-02-15 14:34:01,SUCCESS,CARD,Indore,DEBIT,4.75,30,MEDIUM
10050580,14564,69,1.71,2024-02-15 14:49:12,SUCCESS,CARD,Indore,DEBIT,3.6,30,MEDIUM
10050836,14564,526,7.3,2024-02-15 18:05:13,SUCCESS,CARD,Indore,DEBIT,2.2,30,MEDIUM
10050843,14564,632,2.82,2024-02-15 18:09:14,SUCCESS,CARD,Indore,DEBIT,4.016666666666667,30,MEDIUM
10070502,14565,212,4.6,2024-03-04 04:42:48,SUCCESS,CARD,Kolkata,DEBIT,2.95,50,MEDIUM
10070539,14565,82,9.16,2024-03-04 07:18:15,SUCCESS,CARD,Kolkata,DEBIT,0.016666666666666666,30,MEDIUM
10070891,14565,73,6.69,2024-03-04 12:30:02,SUCCESS,CARD,Kolkata,DEBIT,4.65,30,MEDIUM
10071082,14565,242,4.19,2024-03-04 15:12:57,SUCCESS,CARD,Kolkata,DEBIT,4.016666666666667,30,MEDIUM
10071343,14565,187,2.52,2024-03-04 18:45:49,SUCCESS,CARD,Kolkata,DEBIT,3.05,30,MEDIUM
10083529,14566,585,1.37,2024-03-15 02:42:35,SUCCESS,CARD,Ahmedabad,DEBIT,3.1166666666666667,50,MEDIUM
10083573,14566,362,2.93,2024-03-15 06:25:36,SUCCESS,CARD,Ahmedabad,DEBIT,4.333333333333333,30,MEDIUM
10083597,14566,690,5.27,2024-03-15 07:32:56,SUCCESS,CARD,Ahmedabad,DEBIT,1.85,30,MEDIUM
10083712,14566,732,4.63,2024-03-15 09:55:24,SUCCESS,CARD,Ahmedabad,DEBIT,4.166666666666667,30,MEDIUM
10084203,14566,565,7.65,2024-03-15 16:43:47,SUCCESS,CARD,Ahmedabad,DEBIT,3.2,30,MEDIUM
10084312,14566,495,4.24,2024-03-15 18:04:28,SUCCESS,CARD,Ahmedabad,DEBIT,0.0,30,MEDIUM
10084357,14566,208,8.84,2024-03-15 18:34:46,SUCCESS,CARD,Ahmedabad,DEBIT,4.883333333333334,30,MEDIUM
10084430,14566,94,3.11,2024-03-15 19:21:49,SUCCESS,CARD,Ahmedabad,DEBIT,4.083333333333333,30,MEDIUM
10019021,14567,791,8.44,2024-01-17 01:17:22,SUCCESS,CARD,Chandigarh,DEBIT,4.583333333333333,50,MEDIUM
10019031,14567,118,7.73,2024-01-17 01:54:21,SUCCESS,CARD,Chandigarh,DEBIT,2.8666666666666667,50,MEDIUM
10019091,14567,394,2.23,2024-01-17 06:06:59,SUCCESS,CARD,Chandigarh,DEBIT,3.7666666666666666,30,MEDIUM
10019092,14567,489,4.39,2024-01-17 06:07:42,SUCCESS,CARD,Chandigarh,DEBIT,0.7166666666666667,30,MEDIUM
10019108,14567,451,8.59,2024-01-17 07:15:30,SUCCESS,CARD,Chandigarh,DEBIT,3.183333333333333,30,MEDIUM
10019122,14567,634,3.11,2024-01-17 07:57:04,SUCCESS,CARD,Chandigarh,DEBIT,3.0833333333333335,30,MEDIUM
10019393,14567,767,5.99,2024-01-17 11:46:10,SUCCESS,CARD,Chandigarh,DEBIT,2.283333333333333,30,MEDIUM
10020115,14567,42,7.7,2024-01-17 20:34:55,SUCCESS,CARD,Chandigarh,DEBIT,2.0166666666666666,30,MEDIUM
10020251,14567,131,8.92,2024-01-17 23:36:31,SUCCESS,CARD,Chandigarh,DEBIT,0.6666666666666666,50,MEDIUM
10026364,14568,247,8.22,2024-01-23 07:56:41,SUCCESS,CARD,Delhi,DEBIT,3.1666666666666665,30,MEDIUM
10027113,14568,384,1.2,2024-01-23 18:22:30,SUCCESS,CARD,Delhi,DEBIT,4.216666666666667,30,MEDIUM
10027426,14568,76,8.76,2024-01-23 22:27:19,SUCCESS,CARD,Delhi,DEBIT,1.7833333333333334,30,MEDIUM
10027449,14568,222,5.56,2024-01-23 23:03:50,SUCCESS,CARD,Delhi,DEBIT,3.466666666666667,50,MEDIUM
10102468,14569,394,6.94,2024-04-03 03:23:53,SUCCESS,CARD,Kochi,DEBIT,1.3166666666666667,50,MEDIUM
10102483,14569,717,4.3,2024-04-03 04:21:35,SUCCESS,CARD,Kochi,DEBIT,3.3666666666666667,50,MEDIUM
10102522,14569,164,8.14,2024-04-03 07:00:41,SUCCESS,CARD,Kochi,DEBIT,3.683333333333333,30,MEDIUM
10102533,14569,246,1.57,2024-04-03 07:31:49,SUCCESS,CARD,Kochi,DEBIT,0.5833333333333334,30,MEDIUM
10102767,14569,640,5.91,2024-04-03 11:10:49,SUCCESS,CARD,Kochi,DEBIT,3.7666666666666666,30,MEDIUM
10103223,14569,729,3.54,2024-04-03 17:35:01,SUCCESS,CARD,Kochi,DEBIT,1.8333333333333333,30,MEDIUM
10103224,14569,372,7.63,2024-04-03 17:35:55,SUCCESS,CARD,Kochi,DEBIT,0.9,30,MEDIUM
10103458,14569,646,5.51,2024-04-03 20:06:06,SUCCESS,CARD,Kochi,DEBIT,0.5,30,MEDIUM
10103472,14569,53,8.84,2024-04-03 20:18:19,SUCCESS,CARD,Kochi,DEBIT,4.0,30,MEDIUM
10103477,14569,333,6.39,2024-04-03 20:24:44,SUCCESS,CARD,Kochi,DEBIT,0.9,30,MEDIUM
10103505,14569,411,4.62,2024-04-03 20:41:32,SUCCESS,CARD,Kochi,DEBIT,0.36666666666666664,30,MEDIUM
10103612,14569,265,1.3,2024-04-03 22:52:24,SUCCESS,CARD,Kochi,DEBIT,2.8333333333333335,30,MEDIUM
10103622,14569,615,2.97,2024-04-03 23:07:33,SUCCESS,CARD,Kochi,DEBIT,4.9,50,MEDIUM
10103628,14569,126,5.17,2024-04-03 23:25:38,SUCCESS,CARD,Kochi,DEBIT,4.3,50,MEDIUM
10134127,14570,159,8.79,2024-05-02 00:42:37,SUCCESS,CARD,Coimbatore,DEBIT,0.6166666666666667,50,MEDIUM
10134223,14570,517,3.16,2024-05-02 07:42:52,SUCCESS,CARD,Coimbatore,DEBIT,1.05,30,MEDIUM
10134367,14570,610,2.03,2024-05-02 10:17:43,SUCCESS,CARD,Coimbatore,DEBIT,4.383333333333334,30,MEDIUM
10134881,14570,152,8.01,2024-05-02 17:05:35,SUCCESS,CARD,Coimbatore,DEBIT,3.5833333333333335,30,MEDIUM
10134882,14570,335,7.53,2024-05-02 17:05:42,SUCCESS,CARD,Coimbatore,DEBIT,0.11666666666666667,30,MEDIUM
10054843,14571,716,8.07,2024-02-19 03:43:10,SUCCESS,CARD,Hyderabad,DEBIT,2.2666666666666666,50,MEDIUM
10054856,14571,705,5.24,2024-02-19 04:35:41,SUCCESS,CARD,Hyderabad,DEBIT,3.1166666666666667,50,MEDIUM
10054932,14571,595,5.76,2024-02-19 09:02:31,SUCCESS,CARD,Hyderabad,DEBIT,0.6166666666666667,30,MEDIUM
10054960,14571,454,8.26,2024-02-19 09:29:48,SUCCESS,CARD,Hyderabad,DEBIT,3.8833333333333333,30,MEDIUM
10055077,14571,365,3.98,2024-02-19 11:12:28,SUCCESS,CARD,Hyderabad,DEBIT,2.0166666666666666,30,MEDIUM
10055097,14571,477,8.19,2024-02-19 11:29:10,SUCCESS,CARD,Hyderabad,DEBIT,3.466666666666667,30,MEDIUM
10055244,14571,631,8.58,2024-02-19 13:25:31,SUCCESS,CARD,Hyderabad,DEBIT,4.0,30,MEDIUM
10055266,14571,374,2.27,2024-02-19 13:51:59,SUCCESS,CARD,Hyderabad,DEBIT,1.0666666666666667,30,MEDIUM
10055326,14571,366,9.25,2024-02-19 14:52:55,SUCCESS,CARD,Hyderabad,DEBIT,1.4833333333333334,30,MEDIUM
10055329,14571,555,9.59,2024-02-19 14:55:30,SUCCESS,CARD,Hyderabad,DEBIT,2.5833333333333335,30,MEDIUM
10055569,14571,233,3.55,2024-02-19 18:06:47,SUCCESS,CARD,Hyderabad,DEBIT,0.85,30,MEDIUM
10039284,14572,348,6.61,2024-02-06 00:05:05,SUCCESS,CARD,Surat,DEBIT,4.266666666666667,50,MEDIUM
10039311,14572,392,9.99,2024-02-06 01:42:51,SUCCESS,CARD,Surat,DEBIT,0.45,50,MEDIUM
10039766,14572,739,3.56,2024-02-06 12:59:36,SUCCESS,CARD,Surat,DEBIT,4.85,30,MEDIUM
10039990,14572,615,6.57,2024-02-06 16:05:50,SUCCESS,CARD,Surat,DEBIT,2.45,30,MEDIUM
10100074,14573,207,7.59,2024-04-01 06:58:12,SUCCESS,CARD,Jaipur,DEBIT,0.4,30,MEDIUM
10100081,14573,107,3.44,2024-04-01 07:22:47,SUCCESS,CARD,Jaipur,DEBIT,0.55,30,MEDIUM
10100211,14573,609,3.91,2024-04-01 10:03:20,SUCCESS,CARD,Jaipur,DEBIT,3.35,30,MEDIUM
10100456,14573,309,6.85,2024-04-01 12:57:18,SUCCESS,CARD,Jaipur,DEBIT,0.2,30,MEDIUM
10100812,14573,755,3.72,2024-04-01 17:59:08,SUCCESS,CARD,Jaipur,DEBIT,4.65,30,MEDIUM
10101207,14573,517,2.9,2024-04-01 23:53:45,SUCCESS,CARD,Jaipur,DEBIT,0.6166666666666667,50,MEDIUM
10138940,14574,667,2.17,2024-05-06 01:34:05,SUCCESS,CARD,Bengaluru,DEBIT,4.3,50,MEDIUM
10138943,14574,761,6.39,2024-05-06 01:38:16,SUCCESS,CARD,Bengaluru,DEBIT,4.183333333333334,50,MEDIUM
10138957,14574,174,8.48,2024-05-06 02:28:21,SUCCESS,CARD,Bengaluru,DEBIT,3.533333333333333,50,MEDIUM
10139003,14574,788,6.81,2024-05-06 05:45:25,SUCCESS,CARD,Bengaluru,DEBIT,1.6,30,MEDIUM
10139374,14574,150,6.45,2024-05-06 12:20:43,SUCCESS,CARD,Bengaluru,DEBIT,4.883333333333334,30,MEDIUM
10139601,14574,29,9.74,2024-05-06 15:56:25,SUCCESS,CARD,Bengaluru,DEBIT,2.15,30,MEDIUM
10140091,14574,349,1.21,2024-05-06 21:25:20,SUCCESS,CARD,Bengaluru,DEBIT,3.9166666666666665,30,MEDIUM
10099926,14575,154,1.55,2024-03-29 00:31:39,SUCCESS,CARD,Thiruvananthapuram,DEBIT,1.4833333333333334,50,MEDIUM
10099933,14575,600,1.43,2024-03-29 04:13:33,SUCCESS,CARD,Thiruvananthapuram,DEBIT,3.933333333333333,50,MEDIUM
10099942,14575,88,8.81,2024-03-29 09:18:15,SUCCESS,CARD,Thiruvananthapuram,DEBIT,0.7666666666666667,30,MEDIUM
10099943,14575,196,2.94,2024-03-29 09:20:37,SUCCESS,CARD,Thiruvananthapuram,DEBIT,2.3666666666666667,30,MEDIUM
10099953,14575,307,7.82,2024-03-29 12:55:07,SUCCESS,CARD,Thiruvananthapuram,DEBIT,3.8,30,MEDIUM
10099960,14575,148,3.04,2024-03-29 18:31:28,SUCCESS,CARD,Thiruvananthapuram,DEBIT,0.7333333333333333,30,MEDIUM
10099961,14575,606,3.03,2024-03-29 18:33:29,SUCCESS,CARD,Thiruvananthapuram,DEBIT,2.0166666666666666,30,MEDIUM
10099962,14575,590,6.61,2024-03-29 18:34:01,SUCCESS,CARD,Thiruvananthapuram,DEBIT,0.5333333333333333,30,MEDIUM
10099968,14575,599,2.76,2024-03-29 21:56:48,SUCCESS,CARD,Thiruvananthapuram,DEBIT,4.05,30,MEDIUM
10099974,14575,716,3.87,2024-03-29 23:56:08,SUCCESS,CARD,Thiruvananthapuram,DEBIT,4.716666666666667,50,MEDIUM
10099975,14575,121,9.69,2024-03-29 23:58:54,SUCCESS,CARD,Thiruvananthapuram,DEBIT,2.7666666666666666,50,MEDIUM
10014421,14576,141,4970.22,2024-01-13 09:55:05,SUCCESS,CARD,Mumbai,DEBIT,0.38333333333333336,30,MEDIUM
10023360,14576,696,3664.2,2024-01-20 17:17:30,SUCCESS,CARD,Mumbai,DEBIT,1.7,30,MEDIUM
10036243,14576,435,2686.67,2024-02-03 14:50:29,SUCCESS,CARD,Mumbai,DEBIT,0.8,30,MEDIUM
10044635,14576,610,1762.59,2024-02-10 13:07:20,SUCCESS,CARD,Mumbai,DEBIT,1.8166666666666667,30,MEDIUM
10045759,14576,546,3219.13,2024-02-11 12:03:58,SUCCESS,CARD,Mumbai,DEBIT,0.9166666666666666,30,MEDIUM
10047551,14576,254,1338.51,2024-02-12 20:34:09,SUCCESS,CARD,Mumbai,DEBIT,0.35,30,MEDIUM
10049628,14576,231,4118.92,2024-02-14 17:31:39,SUCCESS,CARD,Mumbai,DEBIT,0.9,30,MEDIUM
10054975,14576,606,258.51,2024-02-19 09:52:04,SUCCESS,CARD,Mumbai,DEBIT,0.9833333333333333,30,MEDIUM
10056004,14576,154,1494.59,2024-02-20 07:37:56,SUCCESS,CARD,Mumbai,DEBIT,1.2166666666666666,30,MEDIUM
10061767,14576,714,3559.27,2024-02-24 19:47:43,SUCCESS,CARD,Mumbai,DEBIT,1.8833333333333333,30,MEDIUM
10062315,14576,771,414.92,2024-02-25 11:25:06,SUCCESS,CARD,Mumbai,DEBIT,0.9166666666666666,30,MEDIUM
10062581,14576,707,2969.91,2024-02-25 14:51:55,SUCCESS,CARD,Mumbai,DEBIT,1.3,30,MEDIUM
10071326,14576,367,781.07,2024-03-04 18:33:05,SUCCESS,CARD,Mumbai,DEBIT,1.2333333333333334,30,MEDIUM
10087370,14576,593,3424.54,2024-03-18 12:03:48,SUCCESS,CARD,Mumbai,DEBIT,1.9,30,MEDIUM
10089286,14576,484,731.87,2024-03-19 21:32:31,SUCCESS,CARD,Mumbai,DEBIT,1.7,30,MEDIUM
10092562,14576,317,2216.4,2024-03-22 18:44:30,SUCCESS,CARD,Mumbai,DEBIT,1.9833333333333334,30,MEDIUM
10092617,14576,513,759.44,2024-03-22 19:15:08,SUCCESS,CARD,Mumbai,DEBIT,0.6166666666666667,30,MEDIUM
10099081,14576,425,3590.75,2024-03-28 11:16:04,SUCCESS,CARD,Mumbai,DEBIT,1.4,30,MEDIUM
10100127,14576,666,1996.48,2024-04-01 08:39:52,SUCCESS,CARD,Mumbai,DEBIT,1.8666666666666667,30,MEDIUM
10104273,14576,447,2368.32,2024-04-04 15:48:54,SUCCESS,CARD,Mumbai,DEBIT,0.5166666666666667,30,MEDIUM
10107917,14576,748,3228.17,2024-04-07 18:26:45,SUCCESS,CARD,Mumbai,DEBIT,0.5333333333333333,30,MEDIUM
10124102,14576,333,4005.0,2024-04-21 12:49:00,SUCCESS,CARD,Mumbai,DEBIT,1.4333333333333333,30,MEDIUM
10126210,14576,94,2625.85,2024-04-23 10:20:18,SUCCESS,CARD,Mumbai,DEBIT,0.8333333333333334,30,MEDIUM
10127600,14576,511,898.51,2024-04-24 13:23:03,SUCCESS,CARD,Mumbai,DEBIT,0.26666666666666666,30,MEDIUM
10132552,14576,502,1949.32,2024-04-28 18:00:08,SUCCESS,CARD,Mumbai,DEBIT,0.95,30,MEDIUM
10149331,14576,487,3050.53,2024-05-14 15:50:57,SUCCESS,CARD,Mumbai,DEBIT,0.6166666666666667,30,MEDIUM
10163343,14576,653,1683.02,2024-05-26 11:54:35,SUCCESS,CARD,Mumbai,DEBIT,1.95,30,MEDIUM
10177092,14576,600,644.51,2024-06-09 14:42:58,SUCCESS,CARD,Mumbai,DEBIT,1.2333333333333334,30,MEDIUM
10184313,14576,633,1153.0,2024-06-15 14:18:33,SUCCESS,CARD,Mumbai,DEBIT,1.2666666666666666,30,MEDIUM
10188847,14576,719,2940.44,2024-06-19 11:02:11,SUCCESS,CARD,Mumbai,DEBIT,0.8666666666666667,30,MEDIUM
10190153,14576,142,3816.04,2024-06-20 11:35:24,SUCCESS,CARD,Mumbai,DEBIT,0.38333333333333336,30,MEDIUM
10196368,14576,353,3416.89,2024-06-25 13:07:26,SUCCESS,CARD,Mumbai,DEBIT,1.1166666666666667,30,MEDIUM
10198022,14576,285,4314.11,2024-06-26 19:37:46,SUCCESS,CARD,Mumbai,DEBIT,0.35,30,MEDIUM
10002090,14577,428,2335.66,2024-01-02 19:01:13,SUCCESS,CARD,Vadodara,DEBIT,1.8833333333333333,30,MEDIUM
10024355,14577,542,3372.83,2024-01-21 14:02:52,SUCCESS,CARD,Vadodara,DEBIT,0.8166666666666667,30,MEDIUM
10036026,14577,281,4560.44,2024-02-03 11:39:33,SUCCESS,CARD,Vadodara,DEBIT,0.85,30,MEDIUM
10037056,14577,559,1758.81,2024-02-04 09:32:57,SUCCESS,CARD,Vadodara,DEBIT,0.23333333333333334,30,MEDIUM
10039430,14577,633,3857.4,2024-02-06 08:36:24,SUCCESS,CARD,Vadodara,DEBIT,1.3166666666666667,30,MEDIUM
10040483,14577,493,2226.84,2024-02-06 22:12:48,SUCCESS,CARD,Vadodara,DEBIT,1.5333333333333334,30,MEDIUM
10047324,14577,292,4667.53,2024-02-12 17:47:21,SUCCESS,CARD,Vadodara,DEBIT,0.7666666666666667,30,MEDIUM
10064492,14577,405,3071.46,2024-02-27 04:13:01,FAILED,CARD,Vadodara,DEBIT,20785.666666666668,40,MEDIUM
10064493,14577,405,3071.46,2024-02-27 04:14:40,SUCCESS,CARD,Vadodara,DEBIT,1.65,50,MEDIUM
10074414,14577,249,1104.26,2024-03-07 13:01:34,SUCCESS,CARD,Vadodara,DEBIT,0.6333333333333333,30,MEDIUM
10079899,14577,771,309.93,2024-03-11 21:20:24,SUCCESS,CARD,Vadodara,DEBIT,0.9166666666666666,30,MEDIUM
10085115,14577,622,1192.96,2024-03-16 12:56:24,SUCCESS,CARD,Vadodara,DEBIT,0.6666666666666666,30,MEDIUM
10085487,14577,490,3453.68,2024-03-16 18:04:28,SUCCESS,CARD,Vadodara,DEBIT,1.6,30,MEDIUM
10115008,14577,353,608.44,2024-04-13 17:51:51,SUCCESS,CARD,Vadodara,DEBIT,0.95,30,MEDIUM
10123530,14577,381,915.02,2024-04-20 20:24:33,SUCCESS,CARD,Vadodara,DEBIT,1.85,30,MEDIUM
10140288,14577,415,172.8,2024-05-07 07:52:52,SUCCESS,CARD,Vadodara,DEBIT,0.3333333333333333,30,MEDIUM
10153956,14577,770,3566.38,2024-05-18 16:28:28,SUCCESS,CARD,Vadodara,DEBIT,1.55,30,MEDIUM
10172934,14577,342,1636.82,2024-06-06 08:02:51,SUCCESS,CARD,Vadodara,DEBIT,1.4333333333333333,30,MEDIUM
10173164,14577,602,4944.52,2024-06-06 11:14:38,SUCCESS,CARD,Vadodara,DEBIT,0.7,30,MEDIUM
10192555,14577,427,3387.69,2024-06-22 11:16:53,SUCCESS,CARD,Vadodara,DEBIT,0.75,30,MEDIUM
10195685,14577,347,1967.4,2024-06-24 19:36:18,SUCCESS,CARD,Vadodara,DEBIT,1.6,30,MEDIUM
10199444,14577,468,4838.21,2024-06-28 05:16:40,SUCCESS,CARD,Vadodara,DEBIT,1.1166666666666667,30,MEDIUM
10200039,14577,444,4903.19,2024-06-28 15:59:13,SUCCESS,CARD,Vadodara,DEBIT,1.85,30,MEDIUM
10000681,14578,559,2387.65,2024-01-01 16:32:24,SUCCESS,CARD,Mumbai,DEBIT,0.8833333333333333,30,MEDIUM
10019421,14578,196,1200.91,2024-01-17 12:03:33,SUCCESS,CARD,Mumbai,DEBIT,1.3166666666666667,30,MEDIUM
10024599,14578,47,3869.1,2024-01-21 17:15:32,SUCCESS,CARD,Mumbai,DEBIT,0.6833333333333333,30,MEDIUM
10027338,14578,484,4196.88,2024-01-23 20:54:35,SUCCESS,CARD,Mumbai,DEBIT,1.9833333333333334,30,MEDIUM
10035527,14578,302,3873.11,2024-02-02 20:35:16,SUCCESS,CARD,Mumbai,DEBIT,1.2,30,MEDIUM
10036768,14578,499,3902.56,2024-02-03 20:55:33,SUCCESS,CARD,Mumbai,DEBIT,0.2833333333333333,30,MEDIUM
10038983,14578,219,2617.47,2024-02-05 18:42:41,SUCCESS,CARD,Mumbai,DEBIT,1.1166666666666667,30,MEDIUM
10063654,14578,41,4422.71,2024-02-26 12:15:57,SUCCESS,CARD,Mumbai,DEBIT,1.75,30,MEDIUM
10071142,14578,206,4371.46,2024-03-04 16:02:43,SUCCESS,CARD,Mumbai,DEBIT,0.5,30,MEDIUM
10102500,14578,168,2468.91,2024-04-03 05:39:25,SUCCESS,CARD,Mumbai,DEBIT,0.16666666666666666,30,MEDIUM
10107961,14578,549,2754.73,2024-04-07 18:46:27,SUCCESS,CARD,Mumbai,DEBIT,0.9833333333333333,30,MEDIUM
10125666,14578,338,4039.06,2024-04-22 18:24:41,SUCCESS,CARD,Mumbai,DEBIT,1.3833333333333333,30,MEDIUM
10134944,14578,750,3049.5,2024-05-02 17:54:48,SUCCESS,CARD,Mumbai,DEBIT,0.2833333333333333,30,MEDIUM
10150384,14578,382,2899.34,2024-05-15 14:15:17,SUCCESS,CARD,Mumbai,DEBIT,1.3833333333333333,30,MEDIUM
10157089,14578,142,2310.06,2024-05-21 10:39:26,SUCCESS,CARD,Mumbai,DEBIT,1.85,30,MEDIUM
10168360,14578,371,3035.26,2024-06-02 12:09:03,SUCCESS,CARD,Mumbai,DEBIT,0.75,30,MEDIUM
10170139,14578,53,2589.21,2024-06-03 19:29:15,SUCCESS,CARD,Mumbai,DEBIT,1.6166666666666667,30,MEDIUM
10182220,14578,619,3277.07,2024-06-13 18:15:01,SUCCESS,CARD,Mumbai,DEBIT,1.3833333333333333,30,MEDIUM
10185450,14578,737,2291.14,2024-06-16 13:34:49,SUCCESS,CARD,Mumbai,DEBIT,1.2833333333333334,30,MEDIUM
10188809,14578,49,1822.45,2024-06-19 10:42:28,SUCCESS,CARD,Mumbai,DEBIT,1.9333333333333333,30,MEDIUM
10005705,14579,44,1157.28,2024-01-05 20:14:59,SUCCESS,CARD,Chandigarh,DEBIT,1.0333333333333334,30,MEDIUM
10024219,14579,148,3993.48,2024-01-21 12:04:33,SUCCESS,CARD,Chandigarh,DEBIT,0.2833333333333333,30,MEDIUM
10033682,14579,280,2805.97,2024-02-01 11:02:42,SUCCESS,CARD,Chandigarh,DEBIT,1.6166666666666667,30,MEDIUM
10035652,14579,640,2020.82,2024-02-02 23:01:56,FAILED,CARD,Chandigarh,DEBIT,2159.233333333333,40,MEDIUM
10035653,14579,640,2020.82,2024-02-02 23:02:47,SUCCESS,CARD,Chandigarh,DEBIT,0.85,50,MEDIUM
10043155,14579,139,3973.06,2024-02-09 09:42:13,SUCCESS,CARD,Chandigarh,DEBIT,0.5,30,MEDIUM
10043247,14579,89,3718.96,2024-02-09 10:50:33,SUCCESS,CARD,Chandigarh,DEBIT,0.65,30,MEDIUM
10059050,14579,733,832.77,2024-02-22 15:24:17,SUCCESS,CARD,Chandigarh,DEBIT,0.7666666666666667,30,MEDIUM
10061744,14579,644,4084.35,2024-02-24 19:26:37,SUCCESS,CARD,Chandigarh,DEBIT,1.75,30,MEDIUM
10062445,14579,600,4219.47,2024-02-25 13:02:35,SUCCESS,CARD,Chandigarh,DEBIT,0.8,30,MEDIUM
10066174,14579,466,2620.48,2024-02-28 13:11:08,SUCCESS,CARD,Chandigarh,DEBIT,0.4666666666666667,30,MEDIUM
10069392,14579,298,2746.86,2024-03-03 08:50:27,SUCCESS,CARD,Chandigarh,DEBIT,1.5333333333333334,30,MEDIUM
10089702,14579,97,2251.51,2024-03-20 11:57:46,SUCCESS,CARD,Chandigarh,DEBIT,0.85,30,MEDIUM
10090450,14579,381,2990.57,2024-03-20 22:38:33,SUCCESS,CARD,Chandigarh,DEBIT,1.05,30,MEDIUM
10101054,14579,548,857.76,2024-04-01 20:19:39,SUCCESS,CARD,Chandigarh,DEBIT,1.65,30,MEDIUM
10104616,14579,262,511.07,2024-04-04 19:52:08,SUCCESS,CARD,Chandigarh,DEBIT,1.6833333333333333,30,MEDIUM
10108873,14579,528,4410.12,2024-04-08 15:16:39,SUCCESS,CARD,Chandigarh,DEBIT,1.5833333333333333,30,MEDIUM
10132362,14579,412,4289.72,2024-04-28 15:25:11,SUCCESS,CARD,Chandigarh,DEBIT,1.1166666666666667,30,MEDIUM
10133688,14579,235,4872.4,2024-05-01 17:46:26,SUCCESS,CARD,Chandigarh,DEBIT,1.7333333333333334,30,MEDIUM
10134916,14579,687,4347.3,2024-05-02 17:30:56,SUCCESS,CARD,Chandigarh,DEBIT,1.1,30,MEDIUM
10138544,14579,210,4558.59,2024-05-05 17:40:38,SUCCESS,CARD,Chandigarh,DEBIT,1.8666666666666667,30,MEDIUM
10146968,14579,667,330.25,2024-05-12 16:36:31,SUCCESS,CARD,Chandigarh,DEBIT,1.4166666666666667,30,MEDIUM
10152790,14579,644,1171.71,2024-05-17 16:17:16,SUCCESS,CARD,Chandigarh,DEBIT,1.5833333333333333,30,MEDIUM
10154977,14579,24,281.26,2024-05-19 14:52:12,SUCCESS,CARD,Chandigarh,DEBIT,0.45,30,MEDIUM
10166287,14579,52,4177.1,2024-05-28 18:14:29,SUCCESS,CARD,Chandigarh,DEBIT,0.5666666666666667,30,MEDIUM
10167514,14579,675,699.4,2024-06-01 17:07:52,SUCCESS,CARD,Chandigarh,DEBIT,1.6833333333333333,30,MEDIUM
10173704,14579,336,3148.53,2024-06-06 18:21:52,SUCCESS,CARD,Chandigarh,DEBIT,1.2333333333333334,30,MEDIUM
10175794,14579,262,3687.24,2024-06-08 13:35:37,SUCCESS,CARD,Chandigarh,DEBIT,1.5,30,MEDIUM
10198922,14579,666,1832.12,2024-06-27 16:23:30,SUCCESS,CARD,Chandigarh,DEBIT,2.0,30,MEDIUM
10001323,14580,672,4497.77,2024-01-02 09:19:54,SUCCESS,CARD,Hyderabad,DEBIT,0.8,30,MEDIUM
10002524,14580,318,4015.15,2024-01-03 09:50:12,SUCCESS,CARD,Hyderabad,DEBIT,0.5833333333333334,30,MEDIUM
10009540,14580,241,3201.94,2024-01-09 08:48:58,SUCCESS,CARD,Hyderabad,DEBIT,0.85,30,MEDIUM
10009986,14580,475,3649.52,2024-01-09 14:38:39,SUCCESS,CARD,Hyderabad,DEBIT,0.8166666666666667,30,MEDIUM
10012995,14580,627,2676.52,2024-01-11 21:26:35,SUCCESS,CARD,Hyderabad,DEBIT,1.9833333333333334,30,MEDIUM
10013228,14580,757,1567.11,2024-01-12 09:01:49,SUCCESS,CARD,Hyderabad,DEBIT,0.5833333333333334,30,MEDIUM
10015789,14580,519,2516.01,2024-01-14 11:31:54,SUCCESS,CARD,Hyderabad,DEBIT,0.75,30,MEDIUM
10017628,14580,318,485.82,2024-01-15 19:46:28,SUCCESS,CARD,Hyderabad,DEBIT,1.9666666666666666,30,MEDIUM
10021538,14580,593,1329.6,2024-01-19 08:48:14,SUCCESS,CARD,Hyderabad,DEBIT,1.9,30,MEDIUM
10023583,14580,362,4600.15,2024-01-20 19:39:20,SUCCESS,CARD,Hyderabad,DEBIT,1.3666666666666667,30,MEDIUM
10025384,14580,519,899.68,2024-01-22 10:49:46,SUCCESS,CARD,Hyderabad,DEBIT,1.6333333333333333,30,MEDIUM
10032995,14580,649,610.33,2024-01-28 17:56:23,SUCCESS,CARD,Hyderabad,DEBIT,0.2,30,MEDIUM
10033312,14580,721,4734.73,2024-01-28 22:10:50,SUCCESS,CARD,Hyderabad,DEBIT,1.6333333333333333,30,MEDIUM
10040232,14580,189,3667.48,2024-02-06 18:54:13,SUCCESS,CARD,Hyderabad,DEBIT,0.4166666666666667,30,MEDIUM
10053238,14580,523,1887.38,2024-02-17 18:01:38,SUCCESS,CARD,Hyderabad,DEBIT,1.7166666666666666,30,MEDIUM
10053890,14580,678,1311.3,2024-02-18 10:57:50,SUCCESS,CARD,Hyderabad,DEBIT,0.8166666666666667,30,MEDIUM
10067439,14580,271,2482.69,2024-03-01 14:27:15,SUCCESS,CARD,Hyderabad,DEBIT,1.5833333333333333,30,MEDIUM
10078868,14580,667,1151.78,2024-03-11 07:50:02,SUCCESS,CARD,Hyderabad,DEBIT,1.9166666666666667,30,MEDIUM
10080921,14580,181,2588.8,2024-03-12 19:24:47,SUCCESS,CARD,Hyderabad,DEBIT,1.7833333333333334,30,MEDIUM
10096426,14580,127,4712.19,2024-03-26 03:08:33,FAILED,CARD,Hyderabad,DEBIT,19183.766666666666,40,MEDIUM
10096427,14580,127,4712.19,2024-03-26 03:09:25,SUCCESS,CARD,Hyderabad,DEBIT,0.8666666666666667,50,MEDIUM
10103396,14580,348,4721.99,2024-04-03 19:27:10,SUCCESS,CARD,Hyderabad,DEBIT,0.6166666666666667,30,MEDIUM
10115673,14580,259,1201.17,2024-04-14 10:34:04,SUCCESS,CARD,Hyderabad,DEBIT,0.7833333333333333,30,MEDIUM
10129673,14580,236,1921.74,2024-04-26 10:34:11,SUCCESS,CARD,Hyderabad,DEBIT,1.1,30,MEDIUM
10134583,14580,126,3801.98,2024-05-02 12:50:35,SUCCESS,CARD,Hyderabad,DEBIT,1.1166666666666667,30,MEDIUM
10144227,14580,552,2940.16,2024-05-10 12:26:40,SUCCESS,CARD,Hyderabad,DEBIT,1.1,30,MEDIUM
10146407,14580,710,3786.21,2024-05-12 08:23:51,SUCCESS,CARD,Hyderabad,DEBIT,0.8833333333333333,30,MEDIUM
10155991,14580,572,1312.77,2024-05-20 12:26:39,SUCCESS,CARD,Hyderabad,DEBIT,1.5833333333333333,30,MEDIUM
10172617,14580,746,344.72,2024-06-05 19:41:30,SUCCESS,CARD,Hyderabad,DEBIT,0.7166666666666667,30,MEDIUM
10174800,14580,705,3211.64,2024-06-07 17:06:48,SUCCESS,CARD,Hyderabad,DEBIT,0.2833333333333333,30,MEDIUM
10175696,14580,617,4461.78,2024-06-08 12:19:51,SUCCESS,CARD,Hyderabad,DEBIT,0.6833333333333333,30,MEDIUM
10187519,14580,738,329.01,2024-06-18 09:22:55,SUCCESS,CARD,Hyderabad,DEBIT,0.31666666666666665,30,MEDIUM
10195341,14580,644,2448.98,2024-06-24 15:30:50,SUCCESS,CARD,Hyderabad,DEBIT,1.6166666666666667,30,MEDIUM
10002650,14581,207,1597.32,2024-01-03 11:17:18,SUCCESS,CARD,Pune,DEBIT,1.9666666666666666,30,MEDIUM
10007647,14581,424,3963.49,2024-01-07 15:30:47,SUCCESS,CARD,Pune,DEBIT,1.2166666666666666,30,MEDIUM
10016015,14581,434,1140.46,2024-01-14 15:06:46,SUCCESS,CARD,Pune,DEBIT,0.85,30,MEDIUM
10018063,14581,113,2768.18,2024-01-16 10:13:19,SUCCESS,CARD,Pune,DEBIT,1.7333333333333334,30,MEDIUM
10031835,14581,235,3454.61,2024-01-27 18:01:50,SUCCESS,CARD,Pune,DEBIT,1.15,30,MEDIUM
10038666,14581,532,992.5,2024-02-05 14:29:08,SUCCESS,CARD,Pune,DEBIT,1.8333333333333333,30,MEDIUM
10048505,14581,408,3803.34,2024-02-13 17:53:46,SUCCESS,CARD,Pune,DEBIT,1.8,30,MEDIUM
10055908,14581,186,1687.4,2024-02-20 00:21:53,FAILED,CARD,Pune,DEBIT,9028.116666666667,40,MEDIUM
10055909,14581,186,1687.4,2024-02-20 00:22:35,SUCCESS,CARD,Pune,DEBIT,0.7,50,MEDIUM
10056263,14581,87,2783.02,2024-02-20 11:21:05,SUCCESS,CARD,Pune,DEBIT,1.65,30,MEDIUM
10062276,14581,734,1220.56,2024-02-25 10:53:12,SUCCESS,CARD,Pune,DEBIT,1.2166666666666666,30,MEDIUM
10070571,14581,180,2589.77,2024-03-04 08:24:06,SUCCESS,CARD,Pune,DEBIT,0.3333333333333333,30,MEDIUM
10082951,14581,315,3059.1,2024-03-14 15:27:43,SUCCESS,CARD,Pune,DEBIT,1.7166666666666666,30,MEDIUM
10086523,14581,261,2554.32,2024-03-17 16:49:39,SUCCESS,CARD,Pune,DEBIT,0.9333333333333333,30,MEDIUM
10086866,14581,781,542.02,2024-03-17 20:52:14,SUCCESS,CARD,Pune,DEBIT,1.05,30,MEDIUM
10087079,14581,380,1235.2,2024-03-18 07:49:40,SUCCESS,CARD,Pune,DEBIT,0.2,30,MEDIUM
10099174,14581,183,701.47,2024-03-28 12:17:12,SUCCESS,CARD,Pune,DEBIT,0.31666666666666665,30,MEDIUM
10100485,14581,695,3875.83,2024-04-01 13:16:37,SUCCESS,CARD,Pune,DEBIT,1.5833333333333333,30,MEDIUM
10100502,14581,224,4964.4,2024-04-01 13:29:16,SUCCESS,CARD,Pune,DEBIT,1.5,30,MEDIUM
10115254,14581,514,1849.02,2024-04-13 20:34:18,SUCCESS,CARD,Pune,DEBIT,1.4833333333333334,30,MEDIUM
10119311,14581,556,4654.37,2024-04-17 11:19:46,SUCCESS,CARD,Pune,DEBIT,1.1333333333333333,30,MEDIUM
10125258,14581,510,4686.4,2024-04-22 12:30:16,SUCCESS,CARD,Pune,DEBIT,0.4166666666666667,30,MEDIUM
10133646,14581,139,3919.39,2024-05-01 17:18:05,SUCCESS,CARD,Pune,DEBIT,0.6333333333333333,30,MEDIUM
10134457,14581,481,1838.73,2024-05-02 11:27:23,SUCCESS,CARD,Pune,DEBIT,1.9333333333333333,30,MEDIUM
10139254,14581,707,4037.59,2024-05-06 10:54:47,SUCCESS,CARD,Pune,DEBIT,1.1,30,MEDIUM
10146147,14581,435,2971.63,2024-05-11 20:59:47,SUCCESS,CARD,Pune,DEBIT,1.7333333333333334,30,MEDIUM
10146590,14581,335,483.3,2024-05-12 10:58:31,SUCCESS,CARD,Pune,DEBIT,1.9333333333333333,30,MEDIUM
10155938,14581,797,3847.99,2024-05-20 11:48:45,SUCCESS,CARD,Pune,DEBIT,1.9333333333333333,30,MEDIUM
10167024,14581,59,413.46,2024-06-01 10:49:40,SUCCESS,CARD,Pune,DEBIT,1.6666666666666667,30,MEDIUM
10167972,14581,135,1616.49,2024-06-02 03:57:07,FAILED,CARD,Pune,DEBIT,1027.45,40,MEDIUM
10167973,14581,135,1616.49,2024-06-02 03:58:09,SUCCESS,CARD,Pune,DEBIT,1.0333333333333334,50,MEDIUM
10175078,14581,250,4503.31,2024-06-07 20:28:48,SUCCESS,CARD,Pune,DEBIT,1.8333333333333333,30,MEDIUM
10179314,14581,67,1181.47,2024-06-11 12:17:03,SUCCESS,CARD,Pune,DEBIT,0.6166666666666667,30,MEDIUM
10180708,14581,91,868.61,2024-06-12 14:39:49,SUCCESS,CARD,Pune,DEBIT,1.5333333333333334,30,MEDIUM
10000123,14582,703,2533.28,2024-01-01 08:17:56,SUCCESS,CARD,Bengaluru,DEBIT,0.21666666666666667,30,MEDIUM
10009898,14582,411,2080.74,2024-01-09 13:24:57,SUCCESS,CARD,Bengaluru,DEBIT,0.2,30,MEDIUM
10010828,14582,403,1624.5,2024-01-10 09:50:07,SUCCESS,CARD,Bengaluru,DEBIT,1.8166666666666667,30,MEDIUM
10011061,14582,420,4257.04,2024-01-10 12:30:00,SUCCESS,CARD,Bengaluru,DEBIT,1.95,30,MEDIUM
10022751,14582,219,602.83,2024-01-20 09:40:47,SUCCESS,CARD,Bengaluru,DEBIT,1.7,30,MEDIUM
10023124,14582,192,1927.56,2024-01-20 14:16:56,SUCCESS,CARD,Bengaluru,DEBIT,0.7833333333333333,30,MEDIUM
10026560,14582,449,4431.36,2024-01-23 11:08:02,SUCCESS,CARD,Bengaluru,DEBIT,1.0166666666666666,30,MEDIUM
10029506,14582,353,2663.86,2024-01-25 19:09:59,SUCCESS,CARD,Bengaluru,DEBIT,0.7666666666666667,30,MEDIUM
10039866,14582,584,1319.1,2024-02-06 14:31:22,SUCCESS,CARD,Bengaluru,DEBIT,1.4,30,MEDIUM
10053538,14582,684,4887.01,2024-02-17 21:52:15,SUCCESS,CARD,Bengaluru,DEBIT,1.4166666666666667,30,MEDIUM
10062362,14582,333,1172.52,2024-02-25 11:57:32,SUCCESS,CARD,Bengaluru,DEBIT,1.3333333333333333,30,MEDIUM
10075988,14582,659,4340.43,2024-03-08 18:22:56,SUCCESS,CARD,Bengaluru,DEBIT,1.1666666666666667,30,MEDIUM
10086358,14582,272,2675.94,2024-03-17 14:29:13,SUCCESS,CARD,Bengaluru,DEBIT,0.2833333333333333,30,MEDIUM
10090809,14582,87,1762.05,2024-03-21 11:06:46,SUCCESS,CARD,Bengaluru,DEBIT,1.0333333333333334,30,MEDIUM
10093521,14582,418,3344.59,2024-03-23 15:35:29,SUCCESS,CARD,Bengaluru,DEBIT,1.8833333333333333,30,MEDIUM
10097072,14582,59,1504.73,2024-03-26 16:20:34,SUCCESS,CARD,Bengaluru,DEBIT,1.7666666666666666,30,MEDIUM
10104442,14582,100,271.06,2024-04-04 17:57:09,SUCCESS,CARD,Bengaluru,DEBIT,1.8,30,MEDIUM
10112423,14582,206,3242.0,2024-04-11 14:55:19,SUCCESS,CARD,Bengaluru,DEBIT,0.3,30,MEDIUM
10122587,14582,693,2269.1,2024-04-20 07:55:19,SUCCESS,CARD,Bengaluru,DEBIT,1.0666666666666667,30,MEDIUM
10133308,14582,297,1369.05,2024-05-01 12:13:19,SUCCESS,CARD,Bengaluru,DEBIT,1.05,30,MEDIUM
10133380,14582,37,1726.16,2024-05-01 13:06:01,SUCCESS,CARD,Bengaluru,DEBIT,0.4666666666666667,30,MEDIUM
10139332,14582,702,995.3,2024-05-06 11:42:12,SUCCESS,CARD,Bengaluru,DEBIT,1.2833333333333334,30,MEDIUM
10143966,14582,263,3875.22,2024-05-10 09:14:00,SUCCESS,CARD,Bengaluru,DEBIT,1.0,30,MEDIUM
10188288,14582,639,1170.78,2024-06-18 19:07:53,SUCCESS,CARD,Bengaluru,DEBIT,0.2,30,MEDIUM
10188491,14582,322,431.54,2024-06-18 22:16:42,SUCCESS,CARD,Bengaluru,DEBIT,1.8833333333333333,30,MEDIUM
10196056,14582,54,2462.6,2024-06-25 09:12:28,SUCCESS,CARD,Bengaluru,DEBIT,0.9666666666666667,30,MEDIUM
10003456,14583,146,2696.54,2024-01-03 22:26:17,SUCCESS,CARD,Surat,DEBIT,1.9333333333333333,30,MEDIUM
10005201,14583,747,1981.44,2024-01-05 13:56:11,SUCCESS,CARD,Surat,DEBIT,1.95,30,MEDIUM
10011203,14583,392,1433.22,2024-01-10 14:39:38,SUCCESS,CARD,Surat,DEBIT,1.15,30,MEDIUM
10013878,14583,520,2066.11,2024-01-12 18:02:16,SUCCESS,CARD,Surat,DEBIT,0.6833333333333333,30,MEDIUM
10029012,14583,87,3800.25,2024-01-25 12:32:12,SUCCESS,CARD,Surat,DEBIT,1.5333333333333334,30,MEDIUM
10036701,14583,101,4483.25,2024-02-03 20:01:43,SUCCESS,CARD,Surat,DEBIT,0.6833333333333333,30,MEDIUM
10036728,14583,161,3549.27,2024-02-03 20:20:26,SUCCESS,CARD,Surat,DEBIT,0.9833333333333333,30,MEDIUM
10041036,14583,538,3746.97,2024-02-07 13:24:52,SUCCESS,CARD,Surat,DEBIT,0.18333333333333332,30,MEDIUM
10057024,14583,514,935.01,2024-02-20 20:45:51,SUCCESS,CARD,Surat,DEBIT,0.6833333333333333,30,MEDIUM
10061564,14583,591,2239.22,2024-02-24 17:26:51,SUCCESS,CARD,Surat,DEBIT,1.7833333333333334,30,MEDIUM
10069607,14583,525,4176.67,2024-03-03 11:42:57,SUCCESS,CARD,Surat,DEBIT,0.5,30,MEDIUM
10073842,14583,476,3983.55,2024-03-06 20:55:19,SUCCESS,CARD,Surat,DEBIT,1.45,30,MEDIUM
10075701,14583,621,655.69,2024-03-08 14:37:40,SUCCESS,CARD,Surat,DEBIT,0.8333333333333334,30,MEDIUM
10087310,14583,440,4928.94,2024-03-18 11:20:33,SUCCESS,CARD,Surat,DEBIT,1.2666666666666666,30,MEDIUM
10104983,14583,473,229.28,2024-04-05 09:29:56,SUCCESS,CARD,Surat,DEBIT,0.5833333333333334,30,MEDIUM
10108749,14583,28,3678.43,2024-04-08 13:19:05,SUCCESS,CARD,Surat,DEBIT,1.4833333333333334,30,MEDIUM
10124256,14583,163,168.51,2024-04-21 15:12:36,SUCCESS,CARD,Surat,DEBIT,1.9,30,MEDIUM
10142449,14583,627,4958.5,2024-05-08 20:56:29,SUCCESS,CARD,Surat,DEBIT,1.7666666666666666,30,MEDIUM
10145046,14583,624,4942.85,2024-05-11 01:30:18,FAILED,CARD,Surat,DEBIT,3153.8166666666666,40,MEDIUM
10145048,14583,624,4942.85,2024-05-11 01:32:14,SUCCESS,CARD,Surat,DEBIT,1.9333333333333333,50,MEDIUM
10145480,14583,573,4251.28,2024-05-11 12:25:18,SUCCESS,CARD,Surat,DEBIT,1.8833333333333333,30,MEDIUM
10146703,14583,298,705.33,2024-05-12 12:23:40,SUCCESS,CARD,Surat,DEBIT,1.4,30,MEDIUM
10150081,14583,513,255.16,2024-05-15 10:09:28,SUCCESS,CARD,Surat,DEBIT,1.6666666666666667,30,MEDIUM
10172131,14583,178,1670.18,2024-06-05 13:10:07,SUCCESS,CARD,Surat,DEBIT,1.4833333333333334,30,MEDIUM
10175954,14583,268,2291.44,2024-06-08 15:42:00,SUCCESS,CARD,Surat,DEBIT,0.23333333333333334,30,MEDIUM
10179455,14583,302,3496.83,2024-06-11 14:29:10,SUCCESS,CARD,Surat,DEBIT,1.3,30,MEDIUM
10192895,14583,279,2514.37,2024-06-22 16:03:42,SUCCESS,CARD,Surat,DEBIT,1.6333333333333333,30,MEDIUM
10001827,14584,160,537.77,2024-01-02 16:06:07,SUCCESS,CARD,Bengaluru,DEBIT,1.0833333333333333,30,MEDIUM
10003552,14584,47,2429.84,2024-01-04 05:04:58,SUCCESS,CARD,Bengaluru,DEBIT,1.6,30,MEDIUM
10010690,14584,546,248.61,2024-01-10 07:27:51,SUCCESS,CARD,Bengaluru,DEBIT,1.6,30,MEDIUM
10012631,14584,113,2443.66,2024-01-11 17:27:43,SUCCESS,CARD,Bengaluru,DEBIT,0.7666666666666667,30,MEDIUM
10016505,14584,522,3730.46,2024-01-14 21:23:13,SUCCESS,CARD,Bengaluru,DEBIT,1.25,30,MEDIUM
10019966,14584,411,2909.46,2024-01-17 18:53:15,SUCCESS,CARD,Bengaluru,DEBIT,1.95,30,MEDIUM
10033871,14584,794,1997.86,2024-02-01 13:37:21,SUCCESS,CARD,Bengaluru,DEBIT,1.5166666666666666,30,MEDIUM
10041200,14584,385,2364.92,2024-02-07 15:51:47,SUCCESS,CARD,Bengaluru,DEBIT,1.9833333333333334,30,MEDIUM
10042932,14584,118,2550.11,2024-02-08 22:34:47,SUCCESS,CARD,Bengaluru,DEBIT,0.55,30,MEDIUM
10045542,14584,464,1248.18,2024-02-11 09:34:12,SUCCESS,CARD,Bengaluru,DEBIT,0.45,30,MEDIUM
10082899,14584,420,694.8,2024-03-14 14:44:14,SUCCESS,CARD,Bengaluru,DEBIT,0.5166666666666667,30,MEDIUM
10083557,14584,450,2786.45,2024-03-15 04:59:22,FAILED,CARD,Bengaluru,DEBIT,855.1333333333333,40,MEDIUM
10083558,14584,450,2786.45,2024-03-15 05:00:45,SUCCESS,CARD,Bengaluru,DEBIT,1.3833333333333333,30,MEDIUM
10085739,14584,547,1030.87,2024-03-16 21:14:22,SUCCESS,CARD,Bengaluru,DEBIT,0.8333333333333334,30,MEDIUM
10094683,14584,772,2856.39,2024-03-24 14:33:05,SUCCESS,CARD,Bengaluru,DEBIT,0.7,30,MEDIUM
10097954,14584,351,3399.92,2024-03-27 11:35:13,SUCCESS,CARD,Bengaluru,DEBIT,1.25,30,MEDIUM
10107292,14584,271,2591.16,2024-04-07 09:55:12,SUCCESS,CARD,Bengaluru,DEBIT,1.1,30,MEDIUM
10113737,14584,576,3623.45,2024-04-12 16:39:10,SUCCESS,CARD,Bengaluru,DEBIT,1.2333333333333334,30,MEDIUM
10118733,14584,648,4803.87,2024-04-16 19:02:59,SUCCESS,CARD,Bengaluru,DEBIT,1.6833333333333333,30,MEDIUM
10121092,14584,754,2341.12,2024-04-18 20:05:26,SUCCESS,CARD,Bengaluru,DEBIT,0.35,30,MEDIUM
10126292,14584,274,4977.88,2024-04-23 11:23:14,SUCCESS,CARD,Bengaluru,DEBIT,1.8833333333333333,30,MEDIUM
10130985,14584,507,4904.89,2024-04-27 12:21:35,SUCCESS,CARD,Bengaluru,DEBIT,0.55,30,MEDIUM
10135557,14584,575,1973.33,2024-05-03 10:31:13,SUCCESS,CARD,Bengaluru,DEBIT,1.8833333333333333,30,MEDIUM
10135770,14584,583,4376.67,2024-05-03 13:00:00,SUCCESS,CARD,Bengaluru,DEBIT,1.6833333333333333,30,MEDIUM
10137552,14584,445,3908.26,2024-05-04 19:35:04,SUCCESS,CARD,Bengaluru,DEBIT,0.7166666666666667,30,MEDIUM
10142853,14584,425,4440.38,2024-05-09 10:53:38,SUCCESS,CARD,Bengaluru,DEBIT,1.7333333333333334,30,MEDIUM
10185114,14584,341,3069.42,2024-06-16 08:32:25,SUCCESS,CARD,Bengaluru,DEBIT,1.8,30,MEDIUM
10192562,14584,712,4547.63,2024-06-22 11:20:15,SUCCESS,CARD,Bengaluru,DEBIT,1.3666666666666667,30,MEDIUM
10016554,14585,392,1674.41,2024-01-14 22:10:21,SUCCESS,CARD,Bengaluru,DEBIT,0.9333333333333333,30,MEDIUM
10018157,14585,486,4798.82,2024-01-16 11:13:50,SUCCESS,CARD,Bengaluru,DEBIT,1.7833333333333334,30,MEDIUM
10018591,14585,499,4085.8,2024-01-16 17:18:22,SUCCESS,CARD,Bengaluru,DEBIT,1.4333333333333333,30,MEDIUM
10018887,14585,235,2853.21,2024-01-16 20:51:03,SUCCESS,CARD,Bengaluru,DEBIT,1.15,30,MEDIUM
10033641,14585,705,2827.07,2024-02-01 10:36:54,SUCCESS,CARD,Bengaluru,DEBIT,0.8166666666666667,30,MEDIUM
10064182,14585,168,4358.1,2024-02-26 19:11:53,SUCCESS,CARD,Bengaluru,DEBIT,0.4666666666666667,30,MEDIUM
10066514,14585,201,1224.61,2024-02-28 17:37:26,SUCCESS,CARD,Bengaluru,DEBIT,1.0333333333333334,30,MEDIUM
10068763,14585,149,3573.82,2024-03-02 16:42:21,SUCCESS,CARD,Bengaluru,DEBIT,1.3333333333333333,30,MEDIUM
10069515,14585,265,4504.55,2024-03-03 10:44:36,SUCCESS,CARD,Bengaluru,DEBIT,0.18333333333333332,30,MEDIUM
10079643,14585,602,4361.44,2024-03-11 18:30:43,SUCCESS,CARD,Bengaluru,DEBIT,0.65,30,MEDIUM
10087560,14585,453,1811.07,2024-03-18 14:41:39,SUCCESS,CARD,Bengaluru,DEBIT,1.9833333333333334,30,MEDIUM
10094568,14585,198,291.97,2024-03-24 12:38:09,SUCCESS,CARD,Bengaluru,DEBIT,1.6166666666666667,30,MEDIUM
10094813,14585,83,1843.34,2024-03-24 16:26:25,SUCCESS,CARD,Bengaluru,DEBIT,0.3333333333333333,30,MEDIUM
10104670,14585,673,416.42,2024-04-04 20:29:42,SUCCESS,CARD,Bengaluru,DEBIT,1.4666666666666666,30,MEDIUM
10111624,14585,250,869.12,2024-04-10 19:10:21,SUCCESS,CARD,Bengaluru,DEBIT,0.7166666666666667,30,MEDIUM
10115513,14585,483,781.32,2024-04-14 07:47:14,SUCCESS,CARD,Bengaluru,DEBIT,1.1666666666666667,30,MEDIUM
10117684,14585,394,4951.24,2024-04-15 20:04:44,SUCCESS,CARD,Bengaluru,DEBIT,0.9,30,MEDIUM
10127665,14585,593,2161.32,2024-04-24 14:16:49,SUCCESS,CARD,Bengaluru,DEBIT,0.5833333333333334,30,MEDIUM
10131054,14585,37,1036.28,2024-04-27 13:21:40,SUCCESS,CARD,Bengaluru,DEBIT,1.5833333333333333,30,MEDIUM
10135053,14585,53,1600.46,2024-05-02 19:18:00,SUCCESS,CARD,Bengaluru,DEBIT,1.25,30,MEDIUM
10135561,14585,340,4302.15,2024-05-03 10:33:10,SUCCESS,CARD,Bengaluru,DEBIT,1.3833333333333333,30,MEDIUM
10135926,14585,594,1770.48,2024-05-03 15:23:20,SUCCESS,CARD,Bengaluru,DEBIT,0.4666666666666667,30,MEDIUM
10138795,14585,609,3416.93,2024-05-05 20:27:17,SUCCESS,CARD,Bengaluru,DEBIT,1.4,30,MEDIUM
10143068,14585,79,2060.47,2024-05-09 13:44:02,SUCCESS,CARD,Bengaluru,DEBIT,0.9166666666666666,30,MEDIUM
10154543,14585,235,4381.85,2024-05-19 08:55:19,SUCCESS,CARD,Bengaluru,DEBIT,0.9666666666666667,30,MEDIUM
10156496,14585,476,900.26,2024-05-20 18:47:11,SUCCESS,CARD,Bengaluru,DEBIT,0.21666666666666667,30,MEDIUM
10162835,14585,673,394.55,2024-05-25 20:08:44,SUCCESS,CARD,Bengaluru,DEBIT,0.26666666666666666,30,MEDIUM
10176701,14585,232,1105.64,2024-06-09 09:28:03,SUCCESS,CARD,Bengaluru,DEBIT,0.45,30,MEDIUM
10177094,14585,627,3883.62,2024-06-09 14:43:40,SUCCESS,CARD,Bengaluru,DEBIT,1.2666666666666666,30,MEDIUM
10178425,14585,428,4817.79,2024-06-10 17:09:06,SUCCESS,CARD,Bengaluru,DEBIT,0.6,30,MEDIUM
10188199,14585,207,2830.74,2024-06-18 18:18:43,SUCCESS,CARD,Bengaluru,DEBIT,1.6,30,MEDIUM
10009857,14586,33,1474.03,2024-01-09 12:42:52,SUCCESS,CARD,Kochi,DEBIT,1.7333333333333334,30,MEDIUM
10015703,14586,378,3714.06,2024-01-14 10:29:23,SUCCESS,CARD,Kochi,DEBIT,1.6666666666666667,30,MEDIUM
10022863,14586,423,2524.36,2024-01-20 10:57:52,SUCCESS,CARD,Kochi,DEBIT,0.4666666666666667,30,MEDIUM
10023551,14586,722,455.7,2024-01-20 19:18:20,SUCCESS,CARD,Kochi,DEBIT,0.38333333333333336,30,MEDIUM
10033417,14586,369,4585.21,2024-02-01 03:48:26,FAILED,CARD,Kochi,DEBIT,16350.1,40,MEDIUM
10033418,14586,369,4585.21,2024-02-01 03:49:02,SUCCESS,CARD,Kochi,DEBIT,0.6,50,MEDIUM
10035665,14586,249,4439.89,2024-02-02 23:32:23,FAILED,CARD,Kochi,DEBIT,2623.35,40,MEDIUM
10035666,14586,249,4439.89,2024-02-02 23:34:09,SUCCESS,CARD,Kochi,DEBIT,1.7666666666666666,50,MEDIUM
10036380,14586,745,1316.09,2024-02-03 16:37:09,SUCCESS,CARD,Kochi,DEBIT,1.9166666666666667,30,MEDIUM
10038791,14586,504,2447.36,2024-02-05 16:24:10,SUCCESS,CARD,Kochi,DEBIT,0.55,30,MEDIUM
10063015,14586,183,275.69,2024-02-25 19:38:13,SUCCESS,CARD,Kochi,DEBIT,1.2666666666666666,30,MEDIUM
10066538,14586,95,161.49,2024-02-28 17:49:54,SUCCESS,CARD,Kochi,DEBIT,0.5666666666666667,30,MEDIUM
10067854,14586,327,248.87,2024-03-01 19:31:34,SUCCESS,CARD,Kochi,DEBIT,0.9,30,MEDIUM
10085088,14586,483,934.16,2024-03-16 12:37:51,SUCCESS,CARD,Kochi,DEBIT,1.4333333333333333,30,MEDIUM
10090797,14586,581,3667.07,2024-03-21 11:00:22,SUCCESS,CARD,Kochi,DEBIT,1.6,30,MEDIUM
10098497,14586,63,4849.26,2024-03-27 18:55:29,SUCCESS,CARD,Kochi,DEBIT,0.8166666666666667,30,MEDIUM
10113539,14586,315,2774.0,2024-04-12 13:47:47,SUCCESS,CARD,Kochi,DEBIT,1.95,30,MEDIUM
10120895,14586,417,4844.99,2024-04-18 17:25:58,SUCCESS,CARD,Kochi,DEBIT,0.55,30,MEDIUM
10130994,14586,337,4729.58,2024-04-27 12:23:34,SUCCESS,CARD,Kochi,DEBIT,1.6166666666666667,30,MEDIUM
10137509,14586,17,4733.43,2024-05-04 19:00:06,SUCCESS,CARD,Kochi,DEBIT,1.3833333333333333,30,MEDIUM
10173377,14586,301,2049.57,2024-06-06 14:02:41,SUCCESS,CARD,Kochi,DEBIT,1.5833333333333333,30,MEDIUM
10175744,14586,618,3148.91,2024-06-08 12:52:40,SUCCESS,CARD,Kochi,DEBIT,1.9666666666666666,30,MEDIUM
10188187,14586,273,4405.93,2024-06-18 18:12:35,SUCCESS,CARD,Kochi,DEBIT,1.45,30,MEDIUM
10195712,14586,245,3486.12,2024-06-24 20:02:05,SUCCESS,CARD,Kochi,DEBIT,1.6333333333333333,30,MEDIUM
10196097,14586,408,188.46,2024-06-25 09:46:35,SUCCESS,CARD,Kochi,DEBIT,1.55,30,MEDIUM
10003747,14587,20,3280.34,2024-01-04 10:36:30,SUCCESS,CARD,Indore,DEBIT,0.25,30,MEDIUM
10012657,14587,412,3150.4,2024-01-11 17:41:07,SUCCESS,CARD,Indore,DEBIT,0.38333333333333336,30,MEDIUM
10016607,14587,188,2989.35,2024-01-14 23:54:36,FAILED,CARD,Indore,DEBIT,4693.483333333334,40,MEDIUM
10016608,14587,188,2989.35,2024-01-14 23:54:57,SUCCESS,CARD,Indore,DEBIT,0.35,50,MEDIUM
10017171,14587,216,4028.54,2024-01-15 14:20:34,SUCCESS,CARD,Indore,DEBIT,1.6166666666666667,30,MEDIUM
10018585,14587,84,4072.84,2024-01-16 17:16:30,SUCCESS,CARD,Indore,DEBIT,1.6833333333333333,30,MEDIUM
10032413,14587,596,3551.29,2024-01-28 10:09:12,SUCCESS,CARD,Indore,DEBIT,1.35,30,MEDIUM
10033279,14587,16,544.11,2024-01-28 21:27:20,SUCCESS,CARD,Indore,DEBIT,0.7166666666666667,30,MEDIUM
10038171,14587,303,4282.35,2024-02-05 05:49:24,SUCCESS,CARD,Indore,DEBIT,0.36666666666666664,30,MEDIUM
10074343,14587,766,3763.53,2024-03-07 12:10:38,SUCCESS,CARD,Indore,DEBIT,0.5333333333333333,30,MEDIUM
10079954,14587,520,2843.49,2024-03-11 22:21:44,SUCCESS,CARD,Indore,DEBIT,1.25,30,MEDIUM
10082594,14587,522,754.45,2024-03-14 10:35:43,SUCCESS,CARD,Indore,DEBIT,1.8,30,MEDIUM
10083920,14587,625,2158.67,2024-03-15 12:23:51,SUCCESS,CARD,Indore,DEBIT,0.4166666666666667,30,MEDIUM
10094423,14587,652,2491.19,2024-03-24 10:59:39,SUCCESS,CARD,Indore,DEBIT,1.7333333333333334,30,MEDIUM
10103407,14587,35,4590.12,2024-04-03 19:40:01,SUCCESS,CARD,Indore,DEBIT,0.7333333333333333,30,MEDIUM
10137339,14587,121,4839.24,2024-05-04 17:07:00,SUCCESS,CARD,Indore,DEBIT,1.3333333333333333,30,MEDIUM
10144515,14587,323,3931.68,2024-05-10 16:37:47,SUCCESS,CARD,Indore,DEBIT,1.1666666666666667,30,MEDIUM
10152608,14587,277,4401.05,2024-05-17 13:37:23,SUCCESS,CARD,Indore,DEBIT,1.5666666666666667,30,MEDIUM
10156602,14587,635,1610.27,2024-05-20 19:53:41,SUCCESS,CARD,Indore,DEBIT,1.1333333333333333,30,MEDIUM
10165362,14587,428,4660.46,2024-05-28 02:59:23,FAILED,CARD,Indore,DEBIT,10505.7,40,MEDIUM
10165364,14587,428,4660.46,2024-05-28 03:00:53,SUCCESS,CARD,Indore,DEBIT,1.5,50,MEDIUM
10187987,14587,323,4216.76,2024-06-18 15:52:48,SUCCESS,CARD,Indore,DEBIT,1.2,30,MEDIUM
10192573,14587,527,2416.38,2024-06-22 11:31:00,SUCCESS,CARD,Indore,DEBIT,1.3833333333333333,30,MEDIUM
10009139,14588,591,1970.18,2024-01-08 18:41:27,SUCCESS,CARD,Lucknow,DEBIT,1.2333333333333334,30,MEDIUM
10018668,14588,78,3520.38,2024-01-16 18:10:35,SUCCESS,CARD,Lucknow,DEBIT,0.5166666666666667,30,MEDIUM
10024193,14588,102,4566.93,2024-01-21 11:47:42,SUCCESS,CARD,Lucknow,DEBIT,1.2166666666666666,30,MEDIUM
10028527,14588,601,4954.41,2024-01-24 21:33:21,SUCCESS,CARD,Lucknow,DEBIT,1.0166666666666666,30,MEDIUM
10042500,14588,140,2944.86,2024-02-08 16:45:12,SUCCESS,CARD,Lucknow,DEBIT,1.2,30,MEDIUM
10044806,14588,99,4329.76,2024-02-10 15:41:14,SUCCESS,CARD,Lucknow,DEBIT,1.55,30,MEDIUM
10080545,14588,486,4980.22,2024-03-12 15:12:17,SUCCESS,CARD,Lucknow,DEBIT,1.3,30,MEDIUM
10087160,14588,390,3935.28,2024-03-18 09:23:30,SUCCESS,CARD,Lucknow,DEBIT,1.9666666666666666,30,MEDIUM
10087556,14588,471,3035.82,2024-03-18 14:37:32,SUCCESS,CARD,Lucknow,DEBIT,1.8333333333333333,30,MEDIUM
10088442,14588,534,3440.59,2024-03-19 11:03:00,SUCCESS,CARD,Lucknow,DEBIT,1.5166666666666666,30,MEDIUM
10093991,14588,660,2446.12,2024-03-23 21:02:14,SUCCESS,CARD,Lucknow,DEBIT,1.1166666666666667,30,MEDIUM
10096610,14588,485,965.63,2024-03-26 10:14:02,SUCCESS,CARD,Lucknow,DEBIT,0.16666666666666666,30,MEDIUM
10152689,14588,88,2711.19,2024-05-17 14:54:43,SUCCESS,CARD,Lucknow,DEBIT,1.85,30,MEDIUM
10152798,14588,748,3401.25,2024-05-17 16:22:01,SUCCESS,CARD,Lucknow,DEBIT,1.6833333333333333,30,MEDIUM
10153036,14588,479,2754.1,2024-05-17 19:07:19,SUCCESS,CARD,Lucknow,DEBIT,0.5833333333333334,30,MEDIUM
10177364,14588,110,4255.17,2024-06-09 17:53:27,SUCCESS,CARD,Lucknow,DEBIT,1.7166666666666666,30,MEDIUM
10179550,14588,405,2718.06,2024-06-11 15:50:44,SUCCESS,CARD,Lucknow,DEBIT,0.8666666666666667,30,MEDIUM
10183292,14588,429,3176.63,2024-06-14 17:12:03,SUCCESS,CARD,Lucknow,DEBIT,0.35,30,MEDIUM
10188210,14588,704,3658.31,2024-06-18 18:24:22,SUCCESS,CARD,Lucknow,DEBIT,0.25,30,MEDIUM
10189527,14588,778,193.07,2024-06-19 19:23:41,SUCCESS,CARD,Lucknow,DEBIT,0.3333333333333333,30,MEDIUM
10192436,14588,763,4467.17,2024-06-22 09:51:06,SUCCESS,CARD,Lucknow,DEBIT,1.2333333333333334,30,MEDIUM
10001174,14589,311,853.56,2024-01-02 01:34:55,FAILED,CARD,Bengaluru,DEBIT,,40,MEDIUM
10001175,14589,311,853.56,2024-01-02 01:35:05,SUCCESS,CARD,Bengaluru,DEBIT,0.16666666666666666,50,MEDIUM
10006254,14589,450,794.6,2024-01-06 12:04:59,SUCCESS,CARD,Bengaluru,DEBIT,1.4666666666666666,30,MEDIUM
10016871,14589,688,899.93,2024-01-15 10:21:29,SUCCESS,CARD,Bengaluru,DEBIT,1.4666666666666666,30,MEDIUM
10017395,14589,538,741.45,2024-01-15 17:03:24,SUCCESS,CARD,Bengaluru,DEBIT,0.7666666666666667,30,MEDIUM
10018377,14589,686,4038.75,2024-01-16 14:15:14,SUCCESS,CARD,Bengaluru,DEBIT,1.5833333333333333,30,MEDIUM
10021836,14589,707,1788.96,2024-01-19 12:53:35,SUCCESS,CARD,Bengaluru,DEBIT,1.2333333333333334,30,MEDIUM
10026652,14589,732,2708.78,2024-01-23 12:08:28,SUCCESS,CARD,Bengaluru,DEBIT,1.3833333333333333,30,MEDIUM
10032998,14589,99,2478.48,2024-01-28 17:57:02,SUCCESS,CARD,Bengaluru,DEBIT,0.75,30,MEDIUM
10043232,14589,338,2784.67,2024-02-09 10:41:22,SUCCESS,CARD,Bengaluru,DEBIT,1.75,30,MEDIUM
10044703,14589,43,733.21,2024-02-10 14:13:34,SUCCESS,CARD,Bengaluru,DEBIT,1.95,30,MEDIUM
10053184,14589,512,3804.34,2024-02-17 17:20:29,SUCCESS,CARD,Bengaluru,DEBIT,1.2666666666666666,30,MEDIUM
10056581,14589,726,799.9,2024-02-20 15:39:22,SUCCESS,CARD,Bengaluru,DEBIT,1.6,30,MEDIUM
10070604,14589,627,398.28,2024-03-04 09:06:14,SUCCESS,CARD,Bengaluru,DEBIT,1.1,30,MEDIUM
10081789,14589,573,3872.88,2024-03-13 16:09:05,SUCCESS,CARD,Bengaluru,DEBIT,2.0,30,MEDIUM
10082320,14589,393,909.91,2024-03-13 23:18:05,FAILED,CARD,Bengaluru,DEBIT,429.0,40,MEDIUM
10082321,14589,393,909.91,2024-03-13 23:18:48,SUCCESS,CARD,Bengaluru,DEBIT,0.7166666666666667,50,MEDIUM
10087535,14589,676,1475.72,2024-03-18 14:18:23,SUCCESS,CARD,Bengaluru,DEBIT,0.3333333333333333,30,MEDIUM
10099450,14589,332,1526.54,2024-03-28 16:37:40,SUCCESS,CARD,Bengaluru,DEBIT,1.7166666666666666,30,MEDIUM
10113206,14589,363,2930.64,2024-04-12 09:31:55,SUCCESS,CARD,Bengaluru,DEBIT,2.0,30,MEDIUM
10115474,14589,344,2303.9,2024-04-14 05:41:10,SUCCESS,CARD,Bengaluru,DEBIT,1.5833333333333333,30,MEDIUM
10127672,14589,66,200.88,2024-04-24 14:19:37,SUCCESS,CARD,Bengaluru,DEBIT,1.6833333333333333,30,MEDIUM
10132431,14589,390,4921.86,2024-04-28 16:34:25,SUCCESS,CARD,Bengaluru,DEBIT,0.25,30,MEDIUM
10133698,14589,351,4183.85,2024-05-01 17:51:20,SUCCESS,CARD,Bengaluru,DEBIT,0.65,30,MEDIUM
10159357,14589,280,1664.2,2024-05-22 22:30:25,SUCCESS,CARD,Bengaluru,DEBIT,0.5166666666666667,30,MEDIUM
10168459,14589,445,2146.29,2024-06-02 13:23:02,SUCCESS,CARD,Bengaluru,DEBIT,0.9666666666666667,30,MEDIUM
10173456,14589,604,4886.75,2024-06-06 15:13:51,SUCCESS,CARD,Bengaluru,DEBIT,1.0666666666666667,30,MEDIUM
10177699,14589,183,2499.09,2024-06-09 22:21:05,SUCCESS,CARD,Bengaluru,DEBIT,1.35,30,MEDIUM
10184835,14589,553,4323.94,2024-06-15 20:33:02,SUCCESS,CARD,Bengaluru,DEBIT,0.31666666666666665,30,MEDIUM
10185394,14589,573,4180.22,2024-06-16 12:45:28,SUCCESS,CARD,Bengaluru,DEBIT,1.6666666666666667,30,MEDIUM
10192214,14589,212,1712.41,2024-06-21 23:24:18,FAILED,CARD,Bengaluru,DEBIT,7838.833333333333,40,MEDIUM
10192215,14589,212,1712.41,2024-06-21 23:24:45,SUCCESS,CARD,Bengaluru,DEBIT,0.45,50,MEDIUM
10198847,14589,217,2443.01,2024-06-27 15:08:17,SUCCESS,CARD,Bengaluru,DEBIT,1.1666666666666667,30,MEDIUM
10199536,14589,98,622.33,2024-06-28 09:06:22,SUCCESS,CARD,Bengaluru,DEBIT,1.2833333333333334,30,MEDIUM
10001923,14590,114,879.79,2024-01-02 17:25:05,SUCCESS,CARD,Visakhapatnam,DEBIT,0.38333333333333336,30,MEDIUM
10008376,14590,75,3764.78,2024-01-08 08:57:39,SUCCESS,CARD,Visakhapatnam,DEBIT,0.75,30,MEDIUM
10021795,14590,709,4486.76,2024-01-19 12:18:59,SUCCESS,CARD,Visakhapatnam,DEBIT,1.9833333333333334,30,MEDIUM
10033100,14590,243,3316.06,2024-01-28 18:50:05,SUCCESS,CARD,Visakhapatnam,DEBIT,0.4,30,MEDIUM
10034194,14590,419,777.68,2024-02-01 18:04:19,SUCCESS,CARD,Visakhapatnam,DEBIT,1.95,30,MEDIUM
10036361,14590,454,3415.89,2024-02-03 16:18:10,SUCCESS,CARD,Visakhapatnam,DEBIT,1.8166666666666667,30,MEDIUM
10053981,14590,286,4192.41,2024-02-18 12:02:18,SUCCESS,CARD,Visakhapatnam,DEBIT,0.4666666666666667,30,MEDIUM
10066250,14590,318,3063.12,2024-02-28 14:03:40,SUCCESS,CARD,Visakhapatnam,DEBIT,1.0333333333333334,30,MEDIUM
10076873,14590,340,500.12,2024-03-09 14:04:27,SUCCESS,CARD,Visakhapatnam,DEBIT,0.5,30,MEDIUM
10089326,14590,726,3485.09,2024-03-19 22:21:37,SUCCESS,CARD,Visakhapatnam,DEBIT,0.2,30,MEDIUM
10099134,14590,470,1308.26,2024-03-28 11:53:09,SUCCESS,CARD,Visakhapatnam,DEBIT,0.5833333333333334,30,MEDIUM
10108965,14590,222,911.65,2024-04-08 16:32:42,SUCCESS,CARD,Visakhapatnam,DEBIT,0.5666666666666667,30,MEDIUM
10110187,14590,74,469.51,2024-04-09 16:52:12,SUCCESS,CARD,Visakhapatnam,DEBIT,0.18333333333333332,30,MEDIUM
10120136,14590,370,886.29,2024-04-17 22:42:46,SUCCESS,CARD,Visakhapatnam,DEBIT,1.7,30,MEDIUM
10127037,14590,524,1467.16,2024-04-23 21:35:30,SUCCESS,CARD,Visakhapatnam,DEBIT,1.3833333333333333,30,MEDIUM
10131421,14590,150,2280.88,2024-04-27 18:20:40,SUCCESS,CARD,Visakhapatnam,DEBIT,1.55,30,MEDIUM
10133429,14590,403,2040.45,2024-05-01 13:45:17,SUCCESS,CARD,Visakhapatnam,DEBIT,0.7833333333333333,30,MEDIUM
10133643,14590,641,1171.77,2024-05-01 17:17:41,SUCCESS,CARD,Visakhapatnam,DEBIT,1.45,30,MEDIUM
10142409,14590,598,266.42,2024-05-08 20:33:37,SUCCESS,CARD,Visakhapatnam,DEBIT,1.0166666666666666,30,MEDIUM
10149631,14590,784,860.54,2024-05-14 19:35:25,SUCCESS,CARD,Visakhapatnam,DEBIT,1.95,30,MEDIUM
10150160,14590,434,3862.2,2024-05-15 10:55:24,SUCCESS,CARD,Visakhapatnam,DEBIT,0.45,30,MEDIUM
10151374,14590,617,4176.6,2024-05-16 12:40:53,SUCCESS,CARD,Visakhapatnam,DEBIT,0.4666666666666667,30,MEDIUM
10151770,14590,99,4352.61,2024-05-16 18:30:26,SUCCESS,CARD,Visakhapatnam,DEBIT,1.3666666666666667,30,MEDIUM
10159538,14590,740,721.31,2024-05-23 08:46:21,SUCCESS,CARD,Visakhapatnam,DEBIT,1.6833333333333333,30,MEDIUM
10159929,14590,30,3290.45,2024-05-23 13:58:20,SUCCESS,CARD,Visakhapatnam,DEBIT,1.3166666666666667,30,MEDIUM
10163307,14590,623,4488.24,2024-05-26 11:17:07,SUCCESS,CARD,Visakhapatnam,DEBIT,1.5333333333333334,30,MEDIUM
10169369,14590,694,1839.21,2024-06-03 09:44:03,SUCCESS,CARD,Visakhapatnam,DEBIT,1.5833333333333333,30,MEDIUM
10180239,14590,714,2445.74,2024-06-12 08:55:51,SUCCESS,CARD,Visakhapatnam,DEBIT,0.4,30,MEDIUM
10187453,14590,171,256.19,2024-06-18 07:40:57,SUCCESS,CARD,Visakhapatnam,DEBIT,0.6333333333333333,30,MEDIUM
10189197,14590,262,4166.51,2024-06-19 15:51:49,SUCCESS,CARD,Visakhapatnam,DEBIT,2.0,30,MEDIUM
10189972,14590,504,3180.38,2024-06-20 09:16:27,SUCCESS,CARD,Visakhapatnam,DEBIT,1.8166666666666667,30,MEDIUM
10007130,14591,544,3637.07,2024-01-07 07:25:29,SUCCESS,CARD,Visakhapatnam,DEBIT,0.6166666666666667,30,MEDIUM
10014072,14591,450,2872.18,2024-01-12 20:22:05,SUCCESS,CARD,Visakhapatnam,DEBIT,1.05,30,MEDIUM
10016763,14591,74,1255.53,2024-01-15 08:58:37,SUCCESS,CARD,Visakhapatnam,DEBIT,1.0333333333333334,30,MEDIUM
10020146,14591,284,4271.7,2024-01-17 20:54:32,SUCCESS,CARD,Visakhapatnam,DEBIT,1.2,30,MEDIUM
10029433,14591,49,1644.84,2024-01-25 18:26:52,SUCCESS,CARD,Visakhapatnam,DEBIT,0.9166666666666666,30,MEDIUM
10029670,14591,703,4300.05,2024-01-25 20:53:28,SUCCESS,CARD,Visakhapatnam,DEBIT,1.4166666666666667,30,MEDIUM
10031199,14591,413,1863.06,2024-01-27 09:31:33,SUCCESS,CARD,Visakhapatnam,DEBIT,0.9666666666666667,30,MEDIUM
10034108,14591,52,3985.75,2024-02-01 17:09:04,SUCCESS,CARD,Visakhapatnam,DEBIT,1.6166666666666667,30,MEDIUM
10037264,14591,64,1877.59,2024-02-04 11:52:47,SUCCESS,CARD,Visakhapatnam,DEBIT,0.9,30,MEDIUM
10037762,14591,556,4690.19,2024-02-04 18:19:12,SUCCESS,CARD,Visakhapatnam,DEBIT,0.5833333333333334,30,MEDIUM
10042795,14591,123,2655.95,2024-02-08 20:04:48,SUCCESS,CARD,Visakhapatnam,DEBIT,1.25,30,MEDIUM
10056201,14591,284,1606.3,2024-02-20 10:44:04,SUCCESS,CARD,Visakhapatnam,DEBIT,1.9166666666666667,30,MEDIUM
10056619,14591,332,2681.35,2024-02-20 16:08:03,SUCCESS,CARD,Visakhapatnam,DEBIT,1.9666666666666666,30,MEDIUM
10060303,14591,87,3353.4,2024-02-23 16:34:29,SUCCESS,CARD,Visakhapatnam,DEBIT,1.45,30,MEDIUM
10061804,14591,756,228.34,2024-02-24 20:10:38,SUCCESS,CARD,Visakhapatnam,DEBIT,1.6,30,MEDIUM
10062538,14591,95,659.28,2024-02-25 14:26:42,SUCCESS,CARD,Visakhapatnam,DEBIT,0.6333333333333333,30,MEDIUM
10072968,14591,765,4545.41,2024-03-06 09:04:34,SUCCESS,CARD,Visakhapatnam,DEBIT,1.8833333333333333,30,MEDIUM
10078210,14591,226,3684.31,2024-03-10 15:54:33,SUCCESS,CARD,Visakhapatnam,DEBIT,1.3,30,MEDIUM
10078800,14591,451,4658.13,2024-03-11 04:23:54,FAILED,CARD,Visakhapatnam,DEBIT,749.35,40,MEDIUM
10078801,14591,451,4658.13,2024-03-11 04:24:33,SUCCESS,CARD,Visakhapatnam,DEBIT,0.65,50,MEDIUM
10087406,14591,788,3213.96,2024-03-18 12:25:13,SUCCESS,CARD,Visakhapatnam,DEBIT,1.3166666666666667,30,MEDIUM
10091224,14591,470,1608.06,2024-03-21 16:46:34,SUCCESS,CARD,Visakhapatnam,DEBIT,1.75,30,MEDIUM
10110345,14591,388,4470.97,2024-04-09 18:28:58,SUCCESS,CARD,Visakhapatnam,DEBIT,1.3,30,MEDIUM
10117329,14591,763,4402.33,2024-04-15 15:57:25,SUCCESS,CARD,Visakhapatnam,DEBIT,0.8833333333333333,30,MEDIUM
10120073,14591,525,2418.17,2024-04-17 21:10:40,SUCCESS,CARD,Visakhapatnam,DEBIT,0.2833333333333333,30,MEDIUM
10120848,14591,394,2242.0,2024-04-18 16:49:09,SUCCESS,CARD,Visakhapatnam,DEBIT,0.8,30,MEDIUM
10148387,14591,602,623.69,2024-05-13 18:55:25,SUCCESS,CARD,Visakhapatnam,DEBIT,1.8166666666666667,30,MEDIUM
10156161,14591,101,1187.0,2024-05-20 14:31:48,SUCCESS,CARD,Visakhapatnam,DEBIT,2.0,30,MEDIUM
10167868,14591,777,2544.42,2024-06-01 22:10:32,SUCCESS,CARD,Visakhapatnam,DEBIT,1.0833333333333333,30,MEDIUM
10187671,14591,36,2792.88,2024-06-18 11:25:22,SUCCESS,CARD,Visakhapatnam,DEBIT,0.6,30,MEDIUM
10198157,14591,417,2240.24,2024-06-26 21:20:58,SUCCESS,CARD,Visakhapatnam,DEBIT,1.8,30,MEDIUM
10200505,14591,612,2362.9,2024-06-28 21:28:08,SUCCESS,CARD,Visakhapatnam,DEBIT,0.5833333333333334,30,MEDIUM
10006352,14592,606,1245.7,2024-01-06 13:29:16,SUCCESS,CARD,Chandigarh,DEBIT,1.75,30,MEDIUM
10012322,14592,698,4382.03,2024-01-11 13:18:19,SUCCESS,CARD,Chandigarh,DEBIT,0.7333333333333333,30,MEDIUM
10018228,14592,738,2192.13,2024-01-16 12:10:12,SUCCESS,CARD,Chandigarh,DEBIT,1.2,30,MEDIUM
10019933,14592,332,927.79,2024-01-17 18:31:50,SUCCESS,CARD,Chandigarh,DEBIT,0.25,30,MEDIUM
10023438,14592,589,654.99,2024-01-20 18:08:57,SUCCESS,CARD,Chandigarh,DEBIT,1.9833333333333334,30,MEDIUM
10028313,14592,409,3931.13,2024-01-24 18:40:43,SUCCESS,CARD,Chandigarh,DEBIT,1.6833333333333333,30,MEDIUM
10029663,14592,702,1597.09,2024-01-25 20:50:51,SUCCESS,CARD,Chandigarh,DEBIT,1.7666666666666666,30,MEDIUM
10040488,14592,544,2576.09,2024-02-06 22:18:43,SUCCESS,CARD,Chandigarh,DEBIT,0.4,30,MEDIUM
10058074,14592,777,3521.64,2024-02-21 18:12:59,SUCCESS,CARD,Chandigarh,DEBIT,1.3,30,MEDIUM
10070516,14592,626,380.56,2024-03-04 05:51:20,SUCCESS,CARD,Chandigarh,DEBIT,1.6166666666666667,30,MEDIUM
10086552,14592,213,636.98,2024-03-17 17:13:51,SUCCESS,CARD,Chandigarh,DEBIT,1.5333333333333334,30,MEDIUM
10096957,14592,109,2535.9,2024-03-26 14:36:05,SUCCESS,CARD,Chandigarh,DEBIT,0.4666666666666667,30,MEDIUM
10105290,14592,196,4705.5,2024-04-05 13:33:13,SUCCESS,CARD,Chandigarh,DEBIT,0.2833333333333333,30,MEDIUM
10121302,14592,34,302.54,2024-04-19 01:54:16,FAILED,CARD,Chandigarh,DEBIT,19461.05,40,MEDIUM
10121303,14592,34,302.54,2024-04-19 01:56:12,SUCCESS,CARD,Chandigarh,DEBIT,1.9333333333333333,50,MEDIUM
10129582,14592,37,1278.01,2024-04-26 09:23:15,SUCCESS,CARD,Chandigarh,DEBIT,1.55,30,MEDIUM
10131199,14592,554,4499.51,2024-04-27 15:47:03,SUCCESS,CARD,Chandigarh,DEBIT,1.8666666666666667,30,MEDIUM
10135071,14592,303,2282.79,2024-05-02 19:29:36,SUCCESS,CARD,Chandigarh,DEBIT,0.8,30,MEDIUM
10137590,14592,158,3050.97,2024-05-04 20:03:27,SUCCESS,CARD,Chandigarh,DEBIT,1.2166666666666666,30,MEDIUM
10139653,14592,75,3773.26,2024-05-06 16:35:03,SUCCESS,CARD,Chandigarh,DEBIT,1.9,30,MEDIUM
10145857,14592,555,1081.71,2024-05-11 17:24:39,SUCCESS,CARD,Chandigarh,DEBIT,1.35,30,MEDIUM
10147553,14592,577,4625.95,2024-05-13 07:01:01,SUCCESS,CARD,Chandigarh,DEBIT,0.7166666666666667,30,MEDIUM
10155548,14592,291,2233.97,2024-05-19 23:21:01,FAILED,CARD,Chandigarh,DEBIT,9620.0,40,MEDIUM
10155551,14592,291,2233.97,2024-05-19 23:23:01,SUCCESS,CARD,Chandigarh,DEBIT,2.0,50,MEDIUM
10160618,14592,330,4172.26,2024-05-23 23:16:02,FAILED,CARD,Chandigarh,DEBIT,5753.016666666666,40,MEDIUM
10160621,14592,330,4172.26,2024-05-23 23:17:25,SUCCESS,CARD,Chandigarh,DEBIT,1.3833333333333333,50,MEDIUM
10161160,14592,571,2236.61,2024-05-24 13:06:08,SUCCESS,CARD,Chandigarh,DEBIT,0.5333333333333333,30,MEDIUM
10172334,14592,135,4568.68,2024-06-05 16:13:29,SUCCESS,CARD,Chandigarh,DEBIT,1.2833333333333334,30,MEDIUM
10173616,14592,385,233.35,2024-06-06 17:26:10,SUCCESS,CARD,Chandigarh,DEBIT,0.9,30,MEDIUM
10184383,14592,86,3866.83,2024-06-15 15:21:40,SUCCESS,CARD,Chandigarh,DEBIT,1.6833333333333333,30,MEDIUM
10185226,14592,333,2974.66,2024-06-16 10:23:11,SUCCESS,CARD,Chandigarh,DEBIT,1.7666666666666666,30,MEDIUM
10195494,14592,159,3595.12,2024-06-24 17:35:08,SUCCESS,CARD,Chandigarh,DEBIT,1.6833333333333333,30,MEDIUM
10199708,14592,656,3854.12,2024-06-28 11:16:00,SUCCESS,CARD,Chandigarh,DEBIT,1.3166666666666667,30,MEDIUM
10001427,14593,576,3978.28,2024-01-02 10:41:11,SUCCESS,CARD,Delhi,DEBIT,0.4166666666666667,30,MEDIUM
10002507,14593,417,2214.93,2024-01-03 09:38:22,SUCCESS,CARD,Delhi,DEBIT,1.8166666666666667,30,MEDIUM
10002865,14593,428,807.16,2024-01-03 14:15:02,SUCCESS,CARD,Delhi,DEBIT,1.6666666666666667,30,MEDIUM
10016426,14593,234,1006.63,2024-01-14 20:08:57,SUCCESS,CARD,Delhi,DEBIT,0.95,30,MEDIUM
10025687,14593,459,1131.21,2024-01-22 15:07:36,SUCCESS,CARD,Delhi,DEBIT,0.45,30,MEDIUM
10029098,14593,682,754.19,2024-01-25 13:44:11,SUCCESS,CARD,Delhi,DEBIT,1.15,30,MEDIUM
10033587,14593,748,1890.63,2024-02-01 09:55:00,SUCCESS,CARD,Delhi,DEBIT,1.9,30,MEDIUM
10035255,14593,699,4463.74,2024-02-02 17:08:37,SUCCESS,CARD,Delhi,DEBIT,0.6666666666666666,30,MEDIUM
10040300,14593,517,394.9,2024-02-06 19:31:06,SUCCESS,CARD,Delhi,DEBIT,1.0,30,MEDIUM
10042357,14593,647,1872.2,2024-02-08 14:39:08,SUCCESS,CARD,Delhi,DEBIT,0.7833333333333333,30,MEDIUM
10042796,14593,227,259.34,2024-02-08 20:05:15,SUCCESS,CARD,Delhi,DEBIT,0.7666666666666667,30,MEDIUM
10050985,14593,558,1108.39,2024-02-15 19:36:31,SUCCESS,CARD,Delhi,DEBIT,0.8333333333333334,30,MEDIUM
10053100,14593,296,1650.25,2024-02-17 16:23:02,SUCCESS,CARD,Delhi,DEBIT,1.0333333333333334,30,MEDIUM
10065761,14593,174,938.55,2024-02-28 07:56:59,SUCCESS,CARD,Delhi,DEBIT,0.6166666666666667,30,MEDIUM
10079504,14593,248,1957.21,2024-03-11 16:57:12,SUCCESS,CARD,Delhi,DEBIT,1.1833333333333333,30,MEDIUM
10095222,14593,710,495.51,2024-03-24 21:50:29,SUCCESS,CARD,Delhi,DEBIT,1.5166666666666666,30,MEDIUM
10097572,14593,614,2889.27,2024-03-26 23:01:25,SUCCESS,CARD,Delhi,DEBIT,1.7166666666666666,50,MEDIUM
10122449,14593,706,3656.25,2024-04-19 22:47:39,SUCCESS,CARD,Delhi,DEBIT,0.25,30,MEDIUM
10132059,14593,790,775.12,2024-04-28 11:16:28,SUCCESS,CARD,Delhi,DEBIT,0.4,30,MEDIUM
10132836,14593,672,128.07,2024-04-28 21:00:41,SUCCESS,CARD,Delhi,DEBIT,1.8166666666666667,30,MEDIUM
10135426,14593,789,1361.08,2024-05-03 08:35:38,SUCCESS,CARD,Delhi,DEBIT,1.2,30,MEDIUM
10144857,14593,791,643.72,2024-05-10 20:23:00,SUCCESS,CARD,Delhi,DEBIT,0.8333333333333334,30,MEDIUM
10148378,14593,33,1258.07,2024-05-13 18:49:30,SUCCESS,CARD,Delhi,DEBIT,1.2333333333333334,30,MEDIUM
10153720,14593,520,4738.16,2024-05-18 12:51:38,SUCCESS,CARD,Delhi,DEBIT,0.8,30,MEDIUM
10160669,14593,191,4259.77,2024-05-24 02:21:31,FAILED,CARD,Delhi,DEBIT,8009.883333333333,40,MEDIUM
10160671,14593,191,4259.77,2024-05-24 02:22:40,SUCCESS,CARD,Delhi,DEBIT,1.15,50,MEDIUM
10163586,14593,617,309.11,2024-05-26 15:36:05,SUCCESS,CARD,Delhi,DEBIT,1.05,30,MEDIUM
10165452,14593,559,2593.08,2024-05-28 07:49:53,SUCCESS,CARD,Delhi,DEBIT,1.4666666666666666,30,MEDIUM
10171087,14593,777,2272.5,2024-06-04 15:50:43,SUCCESS,CARD,Delhi,DEBIT,1.0,30,MEDIUM
10175657,14593,87,2451.56,2024-06-08 11:48:35,SUCCESS,CARD,Delhi,DEBIT,0.8666666666666667,30,MEDIUM
10176084,14593,740,4583.82,2024-06-08 17:20:31,SUCCESS,CARD,Delhi,DEBIT,1.2833333333333334,30,MEDIUM
10176255,14593,727,1666.19,2024-06-08 19:02:32,SUCCESS,CARD,Delhi,DEBIT,0.4666666666666667,30,MEDIUM
10185225,14593,253,4582.8,2024-06-16 10:22:46,SUCCESS,CARD,Delhi,DEBIT,1.1166666666666667,30,MEDIUM
10189808,14593,529,4038.99,2024-06-20 01:49:11,FAILED,CARD,Delhi,DEBIT,5246.416666666667,40,MEDIUM
10189809,14593,529,4038.99,2024-06-20 01:49:27,SUCCESS,CARD,Delhi,DEBIT,0.26666666666666666,50,MEDIUM
10196022,14593,364,3683.21,2024-06-25 08:20:17,SUCCESS,CARD,Delhi,DEBIT,0.9,30,MEDIUM
10001722,14594,205,3483.72,2024-01-02 14:25:02,SUCCESS,CARD,Pune,DEBIT,1.3166666666666667,30,MEDIUM
10019324,14594,100,3430.59,2024-01-17 10:59:04,SUCCESS,CARD,Pune,DEBIT,1.5833333333333333,30,MEDIUM
10020793,14594,89,1703.32,2024-01-18 14:53:47,SUCCESS,CARD,Pune,DEBIT,1.1333333333333333,30,MEDIUM
10028628,14594,278,3570.05,2024-01-25 02:50:04,FAILED,CARD,Pune,DEBIT,9356.283333333333,40,MEDIUM
10028629,14594,278,3570.05,2024-01-25 02:51:36,SUCCESS,CARD,Pune,DEBIT,1.5333333333333334,50,MEDIUM
10035574,14594,437,2613.41,2024-02-02 21:12:02,SUCCESS,CARD,Pune,DEBIT,1.6166666666666667,30,MEDIUM
10044505,14594,664,4726.16,2024-02-10 11:32:25,SUCCESS,CARD,Pune,DEBIT,1.4333333333333333,30,MEDIUM
10076309,14594,736,4411.83,2024-03-08 23:00:38,SUCCESS,CARD,Pune,DEBIT,1.5333333333333334,50,MEDIUM
10081523,14594,778,3326.05,2024-03-13 12:08:20,SUCCESS,CARD,Pune,DEBIT,1.0833333333333333,30,MEDIUM
10086721,14594,435,3015.57,2024-03-17 19:06:24,SUCCESS,CARD,Pune,DEBIT,0.9333333333333333,30,MEDIUM
10098891,14594,367,328.94,2024-03-28 08:59:17,SUCCESS,CARD,Pune,DEBIT,1.25,30,MEDIUM
10099227,14594,372,4455.41,2024-03-28 13:04:21,SUCCESS,CARD,Pune,DEBIT,1.8833333333333333,30,MEDIUM
10099551,14594,428,2385.08,2024-03-28 18:05:11,SUCCESS,CARD,Pune,DEBIT,1.35,30,MEDIUM
10107579,14594,262,1481.83,2024-04-07 13:37:08,SUCCESS,CARD,Pune,DEBIT,0.43333333333333335,30,MEDIUM
10109180,14594,107,2983.4,2024-04-08 18:56:28,SUCCESS,CARD,Pune,DEBIT,0.5166666666666667,30,MEDIUM
10111136,14594,263,2575.19,2024-04-10 12:16:37,SUCCESS,CARD,Pune,DEBIT,1.5,30,MEDIUM
10116279,14594,707,3535.22,2024-04-14 18:05:09,SUCCESS,CARD,Pune,DEBIT,1.7166666666666666,30,MEDIUM
10128404,14594,247,4064.78,2024-04-25 08:32:59,SUCCESS,CARD,Pune,DEBIT,1.2166666666666666,30,MEDIUM
10131973,14594,548,4631.38,2024-04-28 10:08:24,SUCCESS,CARD,Pune,DEBIT,0.2,30,MEDIUM
10138188,14594,451,3514.33,2024-05-05 12:44:51,SUCCESS,CARD,Pune,DEBIT,1.7833333333333334,30,MEDIUM
10141906,14594,571,3926.54,2024-05-08 14:23:59,SUCCESS,CARD,Pune,DEBIT,0.45,30,MEDIUM
10150071,14594,767,1665.88,2024-05-15 10:02:01,SUCCESS,CARD,Pune,DEBIT,1.75,30,MEDIUM
10153639,14594,203,859.44,2024-05-18 11:49:08,SUCCESS,CARD,Pune,DEBIT,1.3666666666666667,30,MEDIUM
10162956,14594,253,329.75,2024-05-25 21:58:15,SUCCESS,CARD,Pune,DEBIT,0.5666666666666667,30,MEDIUM
10166606,14594,754,3355.04,2024-05-28 22:41:12,SUCCESS,CARD,Pune,DEBIT,0.16666666666666666,30,MEDIUM
10174615,14594,315,411.35,2024-06-07 14:27:51,SUCCESS,CARD,Pune,DEBIT,1.25,30,MEDIUM
10179815,14594,234,3153.67,2024-06-11 19:08:21,SUCCESS,CARD,Pune,DEBIT,0.5,30,MEDIUM
10189312,14594,206,4910.78,2024-06-19 17:07:21,SUCCESS,CARD,Pune,DEBIT,1.4833333333333334,30,MEDIUM
10189586,14594,639,414.21,2024-06-19 20:02:36,SUCCESS,CARD,Pune,DEBIT,1.95,30,MEDIUM
10189943,14594,788,4466.61,2024-06-20 08:52:08,SUCCESS,CARD,Pune,DEBIT,0.8666666666666667,30,MEDIUM
10193909,14594,130,249.73,2024-06-23 11:55:32,SUCCESS,CARD,Pune,DEBIT,0.5166666666666667,30,MEDIUM
10199579,14594,667,395.95,2024-06-28 09:53:20,SUCCESS,CARD,Pune,DEBIT,0.5333333333333333,30,MEDIUM
10001204,14595,716,2551.49,2024-01-02 03:28:17,FAILED,CARD,Kolkata,DEBIT,,40,MEDIUM
10001205,14595,716,2551.49,2024-01-02 03:30:08,SUCCESS,CARD,Kolkata,DEBIT,1.85,50,MEDIUM
10003609,14595,41,846.24,2024-01-04 08:26:27,SUCCESS,CARD,Kolkata,DEBIT,1.0333333333333334,30,MEDIUM
10007782,14595,682,940.76,2024-01-07 17:11:44,SUCCESS,CARD,Kolkata,DEBIT,0.7833333333333333,30,MEDIUM
10008955,14595,326,3625.9,2024-01-08 16:42:17,SUCCESS,CARD,Kolkata,DEBIT,1.1,30,MEDIUM
10018954,14595,687,3186.67,2024-01-16 22:06:31,SUCCESS,CARD,Kolkata,DEBIT,0.31666666666666665,30,MEDIUM
10020789,14595,226,4690.86,2024-01-18 14:52:39,SUCCESS,CARD,Kolkata,DEBIT,0.5166666666666667,30,MEDIUM
10021125,14595,799,2878.31,2024-01-18 19:02:31,SUCCESS,CARD,Kolkata,DEBIT,0.38333333333333336,30,MEDIUM
10036234,14595,147,1348.19,2024-02-03 14:43:57,SUCCESS,CARD,Kolkata,DEBIT,0.7666666666666667,30,MEDIUM
10049833,14595,302,3698.06,2024-02-14 20:08:27,SUCCESS,CARD,Kolkata,DEBIT,1.65,30,MEDIUM
10051928,14595,371,4217.04,2024-02-16 16:56:03,SUCCESS,CARD,Kolkata,DEBIT,1.35,30,MEDIUM
10052714,14595,585,2848.47,2024-02-17 11:15:46,SUCCESS,CARD,Kolkata,DEBIT,1.3,30,MEDIUM
10063668,14595,700,448.29,2024-02-26 12:30:51,SUCCESS,CARD,Kolkata,DEBIT,0.4166666666666667,30,MEDIUM
10071631,14595,74,615.26,2024-03-04 23:49:29,FAILED,CARD,Kolkata,DEBIT,10758.633333333333,40,MEDIUM
10071632,14595,74,615.26,2024-03-04 23:50:57,SUCCESS,CARD,Kolkata,DEBIT,1.4666666666666666,50,MEDIUM
10080128,14595,221,1485.43,2024-03-12 08:52:50,SUCCESS,CARD,Kolkata,DEBIT,1.15,30,MEDIUM
10083149,14595,159,3714.07,2024-03-14 18:16:21,SUCCESS,CARD,Kolkata,DEBIT,1.9,30,MEDIUM
10091185,14595,219,2081.34,2024-03-21 16:17:25,SUCCESS,CARD,Kolkata,DEBIT,1.5,30,MEDIUM
10100580,14595,90,4033.19,2024-04-01 14:48:25,SUCCESS,CARD,Kolkata,DEBIT,0.3,30,MEDIUM
10105532,14595,239,2806.66,2024-04-05 17:11:39,SUCCESS,CARD,Kolkata,DEBIT,1.0,30,MEDIUM
10106987,14595,22,712.49,2024-04-06 21:26:51,SUCCESS,CARD,Kolkata,DEBIT,0.3333333333333333,30,MEDIUM
10113825,14595,660,3863.83,2024-04-12 17:41:34,SUCCESS,CARD,Kolkata,DEBIT,1.75,30,MEDIUM
10115848,14595,35,2575.38,2024-04-14 12:33:53,SUCCESS,CARD,Kolkata,DEBIT,0.6666666666666666,30,MEDIUM
10118710,14595,662,1232.93,2024-04-16 18:43:38,SUCCESS,CARD,Kolkata,DEBIT,0.8333333333333334,30,MEDIUM
10119415,14595,146,1896.37,2024-04-17 12:56:00,SUCCESS,CARD,Kolkata,DEBIT,1.1333333333333333,30,MEDIUM
10120048,14595,81,980.13,2024-04-17 20:48:40,SUCCESS,CARD,Kolkata,DEBIT,1.4833333333333334,30,MEDIUM
10128382,14595,157,4697.33,2024-04-25 08:07:58,SUCCESS,CARD,Kolkata,DEBIT,0.75,30,MEDIUM
10129812,14595,704,3354.2,2024-04-26 12:17:05,SUCCESS,CARD,Kolkata,DEBIT,1.45,30,MEDIUM
10136054,14595,526,1196.85,2024-05-03 17:03:16,SUCCESS,CARD,Kolkata,DEBIT,1.2666666666666666,30,MEDIUM
10136185,14595,172,3029.74,2024-05-03 18:14:09,SUCCESS,CARD,Kolkata,DEBIT,0.6333333333333333,30,MEDIUM
10144342,14595,159,665.77,2024-05-10 13:48:42,SUCCESS,CARD,Kolkata,DEBIT,1.95,30,MEDIUM
10146471,14595,417,3756.15,2024-05-12 09:29:19,SUCCESS,CARD,Kolkata,DEBIT,1.4166666666666667,30,MEDIUM
10162070,14595,140,4097.92,2024-05-25 09:58:22,SUCCESS,CARD,Kolkata,DEBIT,0.16666666666666666,30,MEDIUM
10164431,14595,470,4174.42,2024-05-27 10:44:59,SUCCESS,CARD,Kolkata,DEBIT,0.7833333333333333,30,MEDIUM
10168355,14595,450,3466.42,2024-06-02 12:07:36,SUCCESS,CARD,Kolkata,DEBIT,1.4666666666666666,30,MEDIUM
10185834,14595,340,3491.17,2024-06-16 18:44:41,SUCCESS,CARD,Kolkata,DEBIT,1.7833333333333334,30,MEDIUM
10199727,14595,104,2617.56,2024-06-28 11:25:54,SUCCESS,CARD,Kolkata,DEBIT,1.6666666666666667,30,MEDIUM
10011104,14596,240,4316.76,2024-01-10 13:00:20,SUCCESS,CARD,Thiruvananthapuram,DEBIT,0.4,30,MEDIUM
10012553,14596,35,3928.26,2024-01-11 16:34:20,SUCCESS,CARD,Thiruvananthapuram,DEBIT,1.35,30,MEDIUM
10042606,14596,411,3818.07,2024-02-08 18:04:39,SUCCESS,CARD,Thiruvananthapuram,DEBIT,1.6,30,MEDIUM
10059855,14596,393,896.25,2024-02-23 10:35:55,SUCCESS,CARD,Thiruvananthapuram,DEBIT,0.3,30,MEDIUM
10066897,14596,698,3576.32,2024-02-28 22:33:46,SUCCESS,CARD,Thiruvananthapuram,DEBIT,0.8333333333333334,30,MEDIUM
10081486,14596,100,3602.74,2024-03-13 11:36:49,SUCCESS,CARD,Thiruvananthapuram,DEBIT,0.8833333333333333,30,MEDIUM
10083485,14596,86,898.12,2024-03-14 23:20:42,FAILED,CARD,Thiruvananthapuram,DEBIT,2143.883333333333,40,MEDIUM
10083486,14596,86,898.12,2024-03-14 23:20:52,SUCCESS,CARD,Thiruvananthapuram,DEBIT,0.16666666666666666,50,MEDIUM
10083707,14596,293,3886.75,2024-03-15 09:49:22,SUCCESS,CARD,Thiruvananthapuram,DEBIT,0.8,30,MEDIUM
10085517,14596,421,4077.16,2024-03-16 18:23:31,SUCCESS,CARD,Thiruvananthapuram,DEBIT,0.5333333333333333,30,MEDIUM
10086390,14596,457,2061.14,2024-03-17 15:05:10,SUCCESS,CARD,Thiruvananthapuram,DEBIT,1.9666666666666666,30,MEDIUM
10093963,14596,67,2970.65,2024-03-23 20:43:36,SUCCESS,CARD,Thiruvananthapuram,DEBIT,1.5166666666666666,30,MEDIUM
10099555,14596,403,2707.88,2024-03-28 18:07:02,SUCCESS,CARD,Thiruvananthapuram,DEBIT,1.2166666666666666,30,MEDIUM
10104532,14596,624,530.62,2024-04-04 18:54:29,SUCCESS,CARD,Thiruvananthapuram,DEBIT,1.2833333333333334,30,MEDIUM
10105696,14596,113,4478.08,2024-04-05 18:52:13,SUCCESS,CARD,Thiruvananthapuram,DEBIT,1.4666666666666666,30,MEDIUM
10115090,14596,238,3313.82,2024-04-13 18:36:43,SUCCESS,CARD,Thiruvananthapuram,DEBIT,0.2,30,MEDIUM
10117685,14596,721,2977.14,2024-04-15 20:04:56,SUCCESS,CARD,Thiruvananthapuram,DEBIT,1.6166666666666667,30,MEDIUM
10117819,14596,148,4816.87,2024-04-15 22:03:09,SUCCESS,CARD,Thiruvananthapuram,DEBIT,0.9833333333333333,30,MEDIUM
10122685,14596,717,3936.46,2024-04-20 09:47:09,SUCCESS,CARD,Thiruvananthapuram,DEBIT,1.8833333333333333,30,MEDIUM
10132451,14596,548,4531.59,2024-04-28 16:53:43,SUCCESS,CARD,Thiruvananthapuram,DEBIT,1.6833333333333333,30,MEDIUM
10142346,14596,123,746.71,2024-05-08 19:50:56,SUCCESS,CARD,Thiruvananthapuram,DEBIT,0.6166666666666667,30,MEDIUM
10165618,14596,418,2207.55,2024-05-28 10:26:47,SUCCESS,CARD,Thiruvananthapuram,DEBIT,0.95,30,MEDIUM
10194670,14596,373,4352.13,2024-06-24 00:25:20,FAILED,CARD,Thiruvananthapuram,DEBIT,38278.55,40,MEDIUM
10194671,14596,373,4352.13,2024-06-24 00:26:24,SUCCESS,CARD,Thiruvananthapuram,DEBIT,1.0666666666666667,50,MEDIUM
10195084,14596,106,1286.7,2024-06-24 11:47:10,SUCCESS,CARD,Thiruvananthapuram,DEBIT,0.3333333333333333,30,MEDIUM
10195238,14596,383,936.75,2024-06-24 13:55:48,SUCCESS,CARD,Thiruvananthapuram,DEBIT,0.2833333333333333,30,MEDIUM
10197845,14596,398,3208.08,2024-06-26 17:30:06,SUCCESS,CARD,Thiruvananthapuram,DEBIT,0.6666666666666666,30,MEDIUM
10006794,14597,162,3534.82,2024-01-06 19:10:30,SUCCESS,CARD,Nagpur,DEBIT,1.4666666666666666,30,MEDIUM
10022607,14597,259,3640.86,2024-01-20 03:25:48,FAILED,CARD,Nagpur,DEBIT,19215.3,40,MEDIUM
10022608,14597,259,3640.86,2024-01-20 03:27:02,SUCCESS,CARD,Nagpur,DEBIT,1.2333333333333334,50,MEDIUM
10024495,14597,684,1278.54,2024-01-21 15:58:51,SUCCESS,CARD,Nagpur,DEBIT,0.9333333333333333,30,MEDIUM
10025061,14597,481,2301.21,2024-01-21 23:11:33,FAILED,CARD,Nagpur,DEBIT,432.7,40,MEDIUM
10025062,14597,481,2301.21,2024-01-21 23:11:50,SUCCESS,CARD,Nagpur,DEBIT,0.2833333333333333,50,MEDIUM
10030313,14597,382,532.59,2024-01-26 13:48:21,SUCCESS,CARD,Nagpur,DEBIT,0.9666666666666667,30,MEDIUM
10039954,14597,560,1837.61,2024-02-06 15:40:01,SUCCESS,CARD,Nagpur,DEBIT,0.4666666666666667,30,MEDIUM
10054425,14597,421,3881.84,2024-02-18 18:03:24,SUCCESS,CARD,Nagpur,DEBIT,1.15,30,MEDIUM
10055193,14597,554,4079.68,2024-02-19 12:33:35,SUCCESS,CARD,Nagpur,DEBIT,0.7166666666666667,30,MEDIUM
10057882,14597,668,2634.51,2024-02-21 16:10:56,SUCCESS,CARD,Nagpur,DEBIT,1.6,30,MEDIUM
10072560,14597,469,1364.71,2024-03-05 18:46:25,SUCCESS,CARD,Nagpur,DEBIT,1.5833333333333333,30,MEDIUM
10077385,14597,491,3534.09,2024-03-09 20:32:34,SUCCESS,CARD,Nagpur,DEBIT,1.0,30,MEDIUM
10078575,14597,526,671.68,2024-03-10 20:33:53,SUCCESS,CARD,Nagpur,DEBIT,0.21666666666666667,30,MEDIUM
10084316,14597,437,866.77,2024-03-15 18:06:00,SUCCESS,CARD,Nagpur,DEBIT,0.23333333333333334,30,MEDIUM
10091036,14597,377,4104.69,2024-03-21 14:12:50,SUCCESS,CARD,Nagpur,DEBIT,1.8166666666666667,30,MEDIUM
10098658,14597,487,1354.4,2024-03-27 21:00:51,SUCCESS,CARD,Nagpur,DEBIT,0.25,30,MEDIUM
10127843,14597,728,4348.99,2024-04-24 16:54:15,SUCCESS,CARD,Nagpur,DEBIT,0.5166666666666667,30,MEDIUM
10140189,14597,29,2072.49,2024-05-06 23:55:58,FAILED,CARD,Nagpur,DEBIT,17701.716666666667,40,MEDIUM
10140191,14597,29,2072.49,2024-05-06 23:57:30,SUCCESS,CARD,Nagpur,DEBIT,1.5333333333333334,50,MEDIUM
10157498,14597,437,541.08,2024-05-21 15:37:58,SUCCESS,CARD,Nagpur,DEBIT,1.9333333333333333,30,MEDIUM
10157511,14597,316,839.54,2024-05-21 15:45:51,SUCCESS,CARD,Nagpur,DEBIT,1.2333333333333334,30,MEDIUM
10176614,14597,664,1839.6,2024-06-09 07:11:31,SUCCESS,CARD,Nagpur,DEBIT,1.9166666666666667,30,MEDIUM
10186372,14597,125,2300.35,2024-06-17 09:52:13,SUCCESS,CARD,Nagpur,DEBIT,1.7833333333333334,30,MEDIUM
10186491,14597,664,3677.02,2024-06-17 11:10:30,SUCCESS,CARD,Nagpur,DEBIT,1.4,30,MEDIUM
10187104,14597,33,4211.96,2024-06-17 19:32:02,SUCCESS,CARD,Nagpur,DEBIT,1.1,30,MEDIUM
10188496,14597,584,2401.27,2024-06-18 22:23:49,SUCCESS,CARD,Nagpur,DEBIT,0.5,30,MEDIUM
10189518,14597,552,938.04,2024-06-19 19:20:12,SUCCESS,CARD,Nagpur,DEBIT,1.6666666666666667,30,MEDIUM
10189546,14597,630,4652.64,2024-06-19 19:36:11,SUCCESS,CARD,Nagpur,DEBIT,0.4666666666666667,30,MEDIUM
10192307,14597,569,1737.64,2024-06-22 06:31:17,SUCCESS,CARD,Nagpur,DEBIT,1.7666666666666666,30,MEDIUM
10196942,14597,345,1802.71,2024-06-25 20:28:48,SUCCESS,CARD,Nagpur,DEBIT,1.8833333333333333,30,MEDIUM
10197160,14597,171,3805.08,2024-06-26 06:49:16,SUCCESS,CARD,Nagpur,DEBIT,1.2,30,MEDIUM
10003214,14598,401,2352.27,2024-01-03 18:57:52,SUCCESS,CARD,Pune,DEBIT,1.3166666666666667,30,MEDIUM
10012205,14598,499,1851.74,2024-01-11 11:44:01,SUCCESS,CARD,Pune,DEBIT,1.6833333333333333,30,MEDIUM
10012528,14598,376,732.62,2024-01-11 16:20:32,SUCCESS,CARD,Pune,DEBIT,1.25,30,MEDIUM
10015246,14598,467,3323.56,2024-01-13 19:44:22,SUCCESS,CARD,Pune,DEBIT,0.5833333333333334,30,MEDIUM
10025337,14598,492,157.91,2024-01-22 10:20:05,SUCCESS,CARD,Pune,DEBIT,1.0333333333333334,30,MEDIUM
10035064,14598,50,4199.38,2024-02-02 14:12:42,SUCCESS,CARD,Pune,DEBIT,0.6333333333333333,30,MEDIUM
10038901,14598,366,2103.11,2024-02-05 17:53:18,SUCCESS,CARD,Pune,DEBIT,0.8166666666666667,30,MEDIUM
10052403,14598,598,3173.13,2024-02-17 01:47:32,FAILED,CARD,Pune,DEBIT,16314.233333333334,40,MEDIUM
10052404,14598,598,3173.13,2024-02-17 01:49:08,SUCCESS,CARD,Pune,DEBIT,1.6,50,MEDIUM
10056681,14598,799,3102.31,2024-02-20 16:53:12,SUCCESS,CARD,Pune,DEBIT,0.8833333333333333,30,MEDIUM
10057312,14598,504,651.47,2024-02-21 08:41:25,SUCCESS,CARD,Pune,DEBIT,0.4,30,MEDIUM
10057628,14598,722,3840.34,2024-02-21 12:38:17,SUCCESS,CARD,Pune,DEBIT,0.85,30,MEDIUM
10074313,14598,136,2712.83,2024-03-07 11:48:32,SUCCESS,CARD,Pune,DEBIT,0.26666666666666666,30,MEDIUM
10095097,14598,153,2054.52,2024-03-24 19:57:27,SUCCESS,CARD,Pune,DEBIT,1.3333333333333333,30,MEDIUM
10096232,14598,313,4340.26,2024-03-25 20:01:19,SUCCESS,CARD,Pune,DEBIT,0.35,30,MEDIUM
10104236,14598,152,975.75,2024-04-04 15:08:19,SUCCESS,CARD,Pune,DEBIT,1.6833333333333333,30,MEDIUM
10109863,14598,307,616.56,2024-04-09 11:57:19,SUCCESS,CARD,Pune,DEBIT,0.25,30,MEDIUM
10111167,14598,689,4367.9,2024-04-10 12:41:29,SUCCESS,CARD,Pune,DEBIT,0.6333333333333333,30,MEDIUM
10117063,14598,84,3394.52,2024-04-15 12:16:08,SUCCESS,CARD,Pune,DEBIT,1.1166666666666667,30,MEDIUM
10122913,14598,757,4803.67,2024-04-20 12:28:15,SUCCESS,CARD,Pune,DEBIT,1.2666666666666666,30,MEDIUM
10140752,14598,461,236.56,2024-05-07 15:13:53,SUCCESS,CARD,Pune,DEBIT,1.7666666666666666,30,MEDIUM
10145733,14598,763,4148.96,2024-05-11 15:47:09,SUCCESS,CARD,Pune,DEBIT,0.6833333333333333,30,MEDIUM
10156135,14598,410,4113.02,2024-05-20 14:21:23,SUCCESS,CARD,Pune,DEBIT,1.6666666666666667,30,MEDIUM
10158085,14598,497,847.71,2024-05-21 22:33:51,SUCCESS,CARD,Pune,DEBIT,0.4666666666666667,30,MEDIUM
10158577,14598,149,3623.1,2024-05-22 12:22:10,SUCCESS,CARD,Pune,DEBIT,0.7333333333333333,30,MEDIUM
10167920,14598,704,601.99,2024-06-02 00:18:48,FAILED,CARD,Pune,DEBIT,15116.633333333333,40,MEDIUM
10167921,14598,704,601.99,2024-06-02 00:19:51,SUCCESS,CARD,Pune,DEBIT,1.05,50,MEDIUM
10190948,14598,216,3046.7,2024-06-20 21:48:05,SUCCESS,CARD,Pune,DEBIT,1.5333333333333334,30,MEDIUM
10197837,14598,508,326.96,2024-06-26 17:24:16,SUCCESS,CARD,Pune,DEBIT,1.7833333333333334,30,MEDIUM
10006625,14599,199,2100.79,2024-01-06 17:18:34,SUCCESS,CARD,Vadodara,DEBIT,0.5,30,MEDIUM
10006648,14599,465,1776.83,2024-01-06 17:28:28,SUCCESS,CARD,Vadodara,DEBIT,1.8166666666666667,30,MEDIUM
10007497,14599,468,4376.96,2024-01-07 12:56:15,SUCCESS,CARD,Vadodara,DEBIT,1.25,30,MEDIUM
10023758,14599,298,2993.55,2024-01-20 22:04:15,SUCCESS,CARD,Vadodara,DEBIT,0.8333333333333334,30,MEDIUM
10026150,14599,704,1674.41,2024-01-22 20:42:56,SUCCESS,CARD,Vadodara,DEBIT,1.4166666666666667,30,MEDIUM
10032222,14599,42,4105.75,2024-01-28 01:02:01,FAILED,CARD,Vadodara,DEBIT,7459.083333333333,40,MEDIUM
10032223,14599,42,4105.75,2024-01-28 01:03:03,SUCCESS,CARD,Vadodara,DEBIT,1.0333333333333334,50,MEDIUM
10043096,14599,664,2768.25,2024-02-09 08:29:00,SUCCESS,CARD,Vadodara,DEBIT,0.8166666666666667,30,MEDIUM
10070385,14599,451,2070.72,2024-03-03 22:24:23,SUCCESS,CARD,Vadodara,DEBIT,0.95,30,MEDIUM
10082433,14599,737,1527.04,2024-03-14 08:17:07,SUCCESS,CARD,Vadodara,DEBIT,1.35,30,MEDIUM
10100369,14599,175,2920.8,2024-04-01 12:01:21,SUCCESS,CARD,Vadodara,DEBIT,1.9666666666666666,30,MEDIUM
10103915,14599,48,564.51,2024-04-04 10:36:33,SUCCESS,CARD,Vadodara,DEBIT,0.6666666666666666,30,MEDIUM
10112922,14599,507,3445.22,2024-04-11 21:05:40,SUCCESS,CARD,Vadodara,DEBIT,1.1166666666666667,30,MEDIUM
10119765,14599,718,4149.44,2024-04-17 17:41:33,SUCCESS,CARD,Vadodara,DEBIT,1.25,30,MEDIUM
10121369,14599,65,4881.92,2024-04-19 06:52:38,SUCCESS,CARD,Vadodara,DEBIT,0.35,30,MEDIUM
10124525,14599,312,1647.94,2024-04-21 18:42:21,SUCCESS,CARD,Vadodara,DEBIT,1.0833333333333333,30,MEDIUM
10128559,14599,668,2903.26,2024-04-25 10:55:33,SUCCESS,CARD,Vadodara,DEBIT,0.8666666666666667,30,MEDIUM
10129346,14599,43,2901.01,2024-04-25 21:42:19,SUCCESS,CARD,Vadodara,DEBIT,1.35,30,MEDIUM
10129670,14599,442,2713.45,2024-04-26 10:33:06,SUCCESS,CARD,Vadodara,DEBIT,1.0333333333333334,30,MEDIUM
10140209,14599,611,313.93,2024-05-07 02:00:25,FAILED,CARD,Vadodara,DEBIT,15327.316666666668,40,MEDIUM
10140210,14599,611,313.93,2024-05-07 02:00:51,SUCCESS,CARD,Vadodara,DEBIT,0.43333333333333335,50,MEDIUM
10146336,14599,514,4659.62,2024-05-12 05:28:46,SUCCESS,CARD,Vadodara,DEBIT,1.5833333333333333,30,MEDIUM
10148253,14599,220,1290.67,2024-05-13 17:27:39,SUCCESS,CARD,Vadodara,DEBIT,0.9666666666666667,30,MEDIUM
10149059,14599,228,4534.59,2024-05-14 11:47:41,SUCCESS,CARD,Vadodara,DEBIT,1.6166666666666667,30,MEDIUM
10150450,14599,737,4636.68,2024-05-15 15:16:11,SUCCESS,CARD,Vadodara,DEBIT,1.9166666666666667,30,MEDIUM
10152199,14599,438,3274.77,2024-05-17 07:42:03,SUCCESS,CARD,Vadodara,DEBIT,1.75,30,MEDIUM
10158816,14599,493,901.99,2024-05-22 15:16:25,SUCCESS,CARD,Vadodara,DEBIT,1.2333333333333334,30,MEDIUM
10170157,14599,64,2122.68,2024-06-03 19:41:49,SUCCESS,CARD,Vadodara,DEBIT,0.7,30,MEDIUM
10174013,14599,327,2931.65,2024-06-06 23:00:45,SUCCESS,CARD,Vadodara,DEBIT,1.0333333333333334,50,MEDIUM
10178335,14599,704,3303.86,2024-06-10 16:02:50,SUCCESS,CARD,Vadodara,DEBIT,1.2833333333333334,30,MEDIUM
10179445,14599,288,4274.85,2024-06-11 14:23:59,SUCCESS,CARD,Vadodara,DEBIT,0.3333333333333333,30,MEDIUM
10183811,14599,660,4360.79,2024-06-15 04:13:04,FAILED,CARD,Vadodara,DEBIT,5149.083333333333,40,MEDIUM
10183812,14599,660,4360.79,2024-06-15 04:13:33,SUCCESS,CARD,Vadodara,DEBIT,0.48333333333333334,50,MEDIUM
10196320,14599,520,3052.69,2024-06-25 12:26:24,SUCCESS,CARD,Vadodara,DEBIT,0.5,30,MEDIUM
10199255,14599,179,2907.15,2024-06-27 20:49:13,SUCCESS,CARD,Vadodara,DEBIT,1.85,30,MEDIUM
10003514,14600,546,170.71,2024-01-04 01:19:36,FAILED,CARD,Kolkata,DEBIT,,40,MEDIUM
10003516,14600,546,170.71,2024-01-04 01:20:03,SUCCESS,CARD,Kolkata,DEBIT,0.45,50,MEDIUM
10031818,14600,57,282.66,2024-01-27 17:52:02,SUCCESS,CARD,Kolkata,DEBIT,0.85,30,MEDIUM
10035457,14600,366,612.27,2024-02-02 19:40:38,SUCCESS,CARD,Kolkata,DEBIT,1.1166666666666667,30,MEDIUM
10036549,14600,432,3177.21,2024-02-03 18:25:18,SUCCESS,CARD,Kolkata,DEBIT,1.65,30,MEDIUM
10061227,14600,678,1115.23,2024-02-24 12:49:49,SUCCESS,CARD,Kolkata,DEBIT,0.5,30,MEDIUM
10065593,14600,631,1656.56,2024-02-27 22:33:48,SUCCESS,CARD,Kolkata,DEBIT,1.1666666666666667,30,MEDIUM
10066212,14600,46,717.56,2024-02-28 13:39:47,SUCCESS,CARD,Kolkata,DEBIT,1.5166666666666666,30,MEDIUM
10066898,14600,429,3007.86,2024-02-28 22:34:02,SUCCESS,CARD,Kolkata,DEBIT,0.95,30,MEDIUM
10068582,14600,519,4219.04,2024-03-02 13:56:14,SUCCESS,CARD,Kolkata,DEBIT,1.05,30,MEDIUM
10073459,14600,649,209.67,2024-03-06 16:09:38,SUCCESS,CARD,Kolkata,DEBIT,0.6166666666666667,30,MEDIUM
10073473,14600,431,3581.47,2024-03-06 16:17:41,SUCCESS,CARD,Kolkata,DEBIT,0.6833333333333333,30,MEDIUM
10081865,14600,779,794.27,2024-03-13 17:00:15,SUCCESS,CARD,Kolkata,DEBIT,1.7333333333333334,30,MEDIUM
10114552,14600,322,4629.22,2024-04-13 11:16:48,SUCCESS,CARD,Kolkata,DEBIT,1.5833333333333333,30,MEDIUM
10126457,14600,169,4361.72,2024-04-23 13:28:24,SUCCESS,CARD,Kolkata,DEBIT,0.9333333333333333,30,MEDIUM
10127324,14600,610,2006.82,2024-04-24 09:41:57,SUCCESS,CARD,Kolkata,DEBIT,1.6166666666666667,30,MEDIUM
10130026,14600,489,4246.52,2024-04-26 15:18:52,SUCCESS,CARD,Kolkata,DEBIT,0.55,30,MEDIUM
10132588,14600,209,1556.84,2024-04-28 18:18:40,SUCCESS,CARD,Kolkata,DEBIT,0.21666666666666667,30,MEDIUM
10146115,14600,472,1780.04,2024-05-11 20:26:49,SUCCESS,CARD,Kolkata,DEBIT,1.5666666666666667,30,MEDIUM
10156050,14600,140,319.67,2024-05-20 13:02:10,SUCCESS,CARD,Kolkata,DEBIT,1.1166666666666667,30,MEDIUM
10162238,14600,692,4624.93,2024-05-25 11:47:13,SUCCESS,CARD,Kolkata,DEBIT,0.7166666666666667,30,MEDIUM
10171419,14600,27,2127.49,2024-06-04 19:38:21,SUCCESS,CARD,Kolkata,DEBIT,0.16666666666666666,30,MEDIUM
10174691,14600,237,2297.15,2024-06-07 15:29:10,SUCCESS,CARD,Kolkata,DEBIT,1.7666666666666666,30,MEDIUM
10180685,14600,370,3569.35,2024-06-12 14:17:50,SUCCESS,CARD,Kolkata,DEBIT,2.0,30,MEDIUM
10180964,14600,444,4568.2,2024-06-12 17:50:13,SUCCESS,CARD,Kolkata,DEBIT,0.4,30,MEDIUM
10185626,14600,115,505.25,2024-06-16 16:08:25,SUCCESS,CARD,Kolkata,DEBIT,1.7333333333333334,30,MEDIUM
10186414,14600,313,620.78,2024-06-17 10:18:49,SUCCESS,CARD,Kolkata,DEBIT,0.18333333333333332,30,MEDIUM
10194091,14600,327,1434.88,2024-06-23 14:30:49,SUCCESS,CARD,Kolkata,DEBIT,1.55,30,MEDIUM
10200171,14600,39,2261.76,2024-06-28 17:35:58,SUCCESS,CARD,Kolkata,DEBIT,0.48333333333333334,30,MEDIUM
10127174,14602,93,4777.66,2024-04-24 04:56:17,SUCCESS,UPI,Hyderabad,DEBIT,2.2,50,MEDIUM
10075130,14603,242,1961.34,2024-03-08 02:53:13,SUCCESS,NETBANKING,Chennai,DEBIT,1.3666666666666667,50,MEDIUM
10084712,14606,792,4790.56,2024-03-16 03:13:46,SUCCESS,CARD,Visakhapatnam,DEBIT,0.4666666666666667,50,MEDIUM
10001210,14607,367,5782.48,2024-01-02 03:54:34,SUCCESS,CARD,Pune,DEBIT,0.05,50,MEDIUM
10183786,14608,332,858.56,2024-06-15 02:18:27,SUCCESS,UPI,Coimbatore,DEBIT,4.516666666666667,50,MEDIUM
10183788,14608,568,1792.0,2024-06-15 02:23:09,SUCCESS,WALLET,Coimbatore,DEBIT,4.7,50,MEDIUM
10040589,14609,270,5640.5,2024-02-07 03:40:30,SUCCESS,NETBANKING,Pune,DEBIT,4.55,50,MEDIUM
10140243,14617,106,4857.0,2024-05-07 03:57:40,SUCCESS,CARD,Hyderabad,DEBIT,0.03333333333333333,50,MEDIUM
10131790,14618,603,3233.48,2024-04-28 03:53:06,SUCCESS,UPI,Lucknow,DEBIT,3.3833333333333333,50,MEDIUM
10022897,14621,137,95960.48,2024-01-20 11:16:59,SUCCESS,NETBANKING,Chandigarh,CREDIT,2485.2833333333333,30,MEDIUM
10022902,14621,71,86364.43,2024-01-20 11:20:59,SUCCESS,UPI,Chandigarh,DEBIT,4.0,60,HIGH
10024546,14621,331,55338.63,2024-01-21 16:39:17,SUCCESS,NETBANKING,Chandigarh,CREDIT,1758.3,30,MEDIUM
10036250,14621,589,57237.39,2024-02-03 14:57:56,SUCCESS,NETBANKING,Chandigarh,CREDIT,18602.65,30,MEDIUM
10036265,14621,46,51513.65,2024-02-03 15:08:56,SUCCESS,UPI,Chandigarh,DEBIT,11.0,30,MEDIUM
10045417,14621,120,93188.87,2024-02-11 05:23:34,SUCCESS,NETBANKING,Chandigarh,CREDIT,10934.633333333333,30,MEDIUM
10045420,14621,687,83869.98,2024-02-11 05:53:34,SUCCESS,UPI,Chandigarh,DEBIT,30.0,30,MEDIUM
10095915,14621,178,68612.07,2024-03-25 16:16:28,SUCCESS,NETBANKING,Chandigarh,CREDIT,15800.15,30,MEDIUM
10095937,14621,645,61750.86,2024-03-25 16:31:28,SUCCESS,UPI,Chandigarh,DEBIT,15.0,30,MEDIUM
10099220,14621,69,27746.61,2024-03-28 13:00:30,SUCCESS,UPI,Chandigarh,DEBIT,2.0,30,MEDIUM
10159447,14621,31,64954.26,2024-05-23 04:06:53,SUCCESS,NETBANKING,Chandigarh,CREDIT,72566.51666666666,50,MEDIUM
10159452,14621,18,58458.83,2024-05-23 04:24:53,SUCCESS,UPI,Chandigarh,DEBIT,18.0,50,MEDIUM
10163985,14621,224,58755.74,2024-05-26 20:23:38,SUCCESS,NETBANKING,Chandigarh,CREDIT,5278.75,30,MEDIUM
10164013,14621,187,52880.17,2024-05-26 20:49:38,SUCCESS,UPI,Chandigarh,DEBIT,26.0,30,MEDIUM
10166525,14621,672,99638.12,2024-05-28 21:14:10,SUCCESS,NETBANKING,Chandigarh,CREDIT,2904.5333333333333,30,MEDIUM
10166531,14621,156,89674.31,2024-05-28 21:19:10,SUCCESS,UPI,Chandigarh,DEBIT,5.0,60,HIGH
10007169,14622,412,80793.84,2024-01-07 08:33:48,SUCCESS,NETBANKING,Pune,CREDIT,,30,MEDIUM
10007174,14622,514,72714.46,2024-01-07 08:38:48,SUCCESS,UPI,Pune,DEBIT,5.0,60,HIGH
10033673,14622,85,72410.69,2024-02-01 10:58:55,SUCCESS,NETBANKING,Pune,CREDIT,36140.11666666667,30,MEDIUM
10033701,14622,644,65169.62,2024-02-01 11:14:55,SUCCESS,UPI,Pune,DEBIT,16.0,30,MEDIUM
10054643,14622,455,55139.96,2024-02-18 20:32:59,SUCCESS,NETBANKING,Pune,CREDIT,3006.483333333333,30,MEDIUM
10056081,14622,681,67367.46,2024-02-20 09:16:33,SUCCESS,NETBANKING,Pune,CREDIT,2187.5666666666666,30,MEDIUM
10056092,14622,123,60630.71,2024-02-20 09:20:33,SUCCESS,UPI,Pune,DEBIT,4.0,60,HIGH
10061752,14622,280,65279.58,2024-02-24 19:38:09,SUCCESS,NETBANKING,Pune,CREDIT,206.98333333333332,30,MEDIUM
10061771,14622,733,58751.62,2024-02-24 19:49:09,SUCCESS,UPI,Pune,DEBIT,11.0,30,MEDIUM
10105358,14622,619,83994.41,2024-04-05 14:55:54,SUCCESS,NETBANKING,Pune,CREDIT,58746.75,30,MEDIUM
10105372,14622,512,75594.97,2024-04-05 15:10:54,SUCCESS,UPI,Pune,DEBIT,15.0,30,MEDIUM
10106495,14622,299,83646.17,2024-04-06 15:01:38,SUCCESS,NETBANKING,Pune,CREDIT,1430.7333333333333,30,MEDIUM
10106501,14622,665,75281.55,2024-04-06 15:12:38,SUCCESS,UPI,Pune,DEBIT,11.0,30,MEDIUM
10117295,14622,184,78727.69,2024-04-15 15:35:59,SUCCESS,NETBANKING,Pune,CREDIT,12983.35,30,MEDIUM
10117328,14622,377,70854.92,2024-04-15 15:56:59,SUCCESS,UPI,Pune,DEBIT,21.0,30,MEDIUM
10148390,14622,271,62422.94,2024-05-13 18:55:43,SUCCESS,NETBANKING,Pune,CREDIT,40498.73333333333,30,MEDIUM
10148398,14622,72,56180.65,2024-05-13 18:58:43,SUCCESS,UPI,Pune,DEBIT,3.0,60,HIGH
10200088,14622,342,43567.18,2024-06-28 16:38:37,SUCCESS,UPI,Pune,DEBIT,2.0,30,MEDIUM
10015541,14623,129,38679.17,2024-01-14 07:50:15,SUCCESS,UPI,Visakhapatnam,DEBIT,5.0,30,MEDIUM
10083844,14623,722,85398.46,2024-03-15 11:28:35,SUCCESS,NETBANKING,Visakhapatnam,CREDIT,6662.6,30,MEDIUM
10083871,14623,490,76858.61,2024-03-15 11:47:35,SUCCESS,UPI,Visakhapatnam,DEBIT,19.0,30,MEDIUM
10155242,14623,185,84901.45,2024-05-19 18:23:25,SUCCESS,NETBANKING,Visakhapatnam,CREDIT,93995.83333333333,30,MEDIUM
10155287,14623,240,76411.3,2024-05-19 18:51:25,SUCCESS,UPI,Visakhapatnam,DEBIT,28.0,30,MEDIUM
10163441,14623,155,34325.8,2024-05-26 13:12:33,SUCCESS,UPI,Visakhapatnam,DEBIT,3.0,30,MEDIUM
10030304,14624,765,94417.15,2024-01-26 13:39:49,SUCCESS,NETBANKING,Surat,CREDIT,,30,MEDIUM
10030318,14624,790,84975.43,2024-01-26 13:54:49,SUCCESS,UPI,Surat,DEBIT,15.0,30,MEDIUM
10058225,14624,784,87090.63,2024-02-21 19:52:49,SUCCESS,NETBANKING,Surat,CREDIT,37798.0,30,MEDIUM
10058236,14624,460,78381.57,2024-02-21 20:04:49,SUCCESS,UPI,Surat,DEBIT,12.0,30,MEDIUM
10070673,14624,107,52019.21,2024-03-04 09:59:57,SUCCESS,NETBANKING,Surat,CREDIT,16675.133333333335,30,MEDIUM
10126501,14624,799,84016.75,2024-04-23 14:01:33,SUCCESS,NETBANKING,Surat,CREDIT,14084.0,30,MEDIUM
10126523,14624,507,75615.07,2024-04-23 14:23:33,SUCCESS,UPI,Surat,DEBIT,22.0,30,MEDIUM
10167525,14624,544,58428.46,2024-06-01 17:15:03,SUCCESS,NETBANKING,Surat,CREDIT,17570.4,30,MEDIUM
10167534,14624,605,52585.61,2024-06-01 17:22:03,SUCCESS,UPI,Surat,DEBIT,7.0,30,MEDIUM
10173703,14624,313,61816.77,2024-06-06 18:20:44,SUCCESS,NETBANKING,Surat,CREDIT,7258.683333333333,30,MEDIUM
10173728,14624,384,55635.09,2024-06-06 18:32:44,SUCCESS,UPI,Surat,DEBIT,12.0,30,MEDIUM
10008659,14625,747,71171.34,2024-01-08 12:20:02,SUCCESS,NETBANKING,Pune,CREDIT,,30,MEDIUM
10008670,14625,476,64054.21,2024-01-08 12:31:02,SUCCESS,UPI,Pune,DEBIT,11.0,30,MEDIUM
10014066,14625,171,89628.39,2024-01-12 20:18:12,SUCCESS,NETBANKING,Pune,CREDIT,6227.166666666667,30,MEDIUM
10014095,14625,343,80665.55,2024-01-12 20:40:12,SUCCESS,UPI,Pune,DEBIT,22.0,30,MEDIUM
10026439,14625,561,63642.67,2024-01-23 09:29:43,SUCCESS,NETBANKING,Pune,CREDIT,15169.516666666666,30,MEDIUM
10026451,14625,294,57278.4,2024-01-23 09:40:43,SUCCESS,UPI,Pune,DEBIT,11.0,30,MEDIUM
10040597,14625,295,56090.49,2024-02-07 04:16:38,SUCCESS,NETBANKING,Pune,CREDIT,16559.516666666666,50,MEDIUM
10040600,14625,218,50481.44,2024-02-07 04:31:38,SUCCESS,UPI,Pune,DEBIT,15.0,50,MEDIUM
10141543,14625,374,64762.91,2024-05-08 09:32:53,SUCCESS,NETBANKING,Pune,CREDIT,131341.25,30,MEDIUM
10141561,14625,212,58286.62,2024-05-08 09:48:53,SUCCESS,UPI,Pune,DEBIT,16.0,30,MEDIUM
10181747,14625,107,70303.58,2024-06-13 11:55:42,SUCCESS,NETBANKING,Pune,CREDIT,6975.133333333333,30,MEDIUM
10181771,14625,191,63273.22,2024-06-13 12:18:42,SUCCESS,UPI,Pune,DEBIT,23.0,30,MEDIUM
10193747,14625,77,91170.77,2024-06-23 10:05:09,SUCCESS,NETBANKING,Pune,CREDIT,14266.45,30,MEDIUM
10193764,14625,664,82053.69,2024-06-23 10:13:09,SUCCESS,UPI,Pune,DEBIT,8.0,30,MEDIUM
10001891,14626,357,62655.6,2024-01-02 17:05:50,SUCCESS,NETBANKING,Hyderabad,CREDIT,,30,MEDIUM
10001907,14626,342,56390.04,2024-01-02 17:13:50,SUCCESS,UPI,Hyderabad,DEBIT,8.0,30,MEDIUM
10054120,14626,755,54260.56,2024-02-18 14:00:02,SUCCESS,NETBANKING,Hyderabad,CREDIT,67486.2,30,MEDIUM
10054200,14626,31,59107.57,2024-02-18 15:10:31,SUCCESS,NETBANKING,Hyderabad,CREDIT,58.483333333333334,30,MEDIUM
10054220,14626,583,53196.81,2024-02-18 15:26:31,SUCCESS,UPI,Hyderabad,DEBIT,16.0,30,MEDIUM
10059780,14626,198,79717.45,2024-02-23 09:28:53,SUCCESS,NETBANKING,Hyderabad,CREDIT,6842.366666666667,30,MEDIUM
10059785,14626,655,71745.71,2024-02-23 09:32:53,SUCCESS,UPI,Hyderabad,DEBIT,4.0,60,HIGH
10079315,14626,112,75230.05,2024-03-11 14:47:48,SUCCESS,NETBANKING,Hyderabad,CREDIT,24794.916666666668,30,MEDIUM
10079318,14626,276,67707.04,2024-03-11 14:49:48,SUCCESS,UPI,Hyderabad,DEBIT,2.0,60,HIGH
10084145,14626,658,93312.96,2024-03-15 15:51:31,SUCCESS,NETBANKING,Hyderabad,CREDIT,5821.716666666666,30,MEDIUM
10084173,14626,755,83981.66,2024-03-15 16:19:31,SUCCESS,UPI,Hyderabad,DEBIT,28.0,30,MEDIUM
10087509,14626,290,81703.07,2024-03-18 13:55:36,SUCCESS,NETBANKING,Hyderabad,CREDIT,4176.083333333333,30,MEDIUM
10087518,14626,608,73532.76,2024-03-18 14:02:36,SUCCESS,UPI,Hyderabad,DEBIT,7.0,30,MEDIUM
10096186,14626,188,90814.18,2024-03-25 19:33:43,SUCCESS,NETBANKING,Hyderabad,CREDIT,10411.116666666667,30,MEDIUM
10096227,14626,394,81732.76,2024-03-25 19:59:43,SUCCESS,UPI,Hyderabad,DEBIT,26.0,30,MEDIUM
10116081,14626,39,75107.75,2024-04-14 15:45:38,SUCCESS,NETBANKING,Hyderabad,CREDIT,28545.916666666668,30,MEDIUM
10116104,14626,375,67596.98,2024-04-14 16:00:38,SUCCESS,UPI,Hyderabad,DEBIT,15.0,30,MEDIUM
10004619,14627,361,96000.88,2024-01-04 21:56:39,SUCCESS,NETBANKING,Nagpur,CREDIT,,30,MEDIUM
10004630,14627,709,86400.79,2024-01-04 22:25:39,SUCCESS,UPI,Nagpur,DEBIT,29.0,30,MEDIUM
10007808,14627,551,54079.56,2024-01-07 17:28:22,SUCCESS,NETBANKING,Nagpur,CREDIT,4022.7166666666667,30,MEDIUM
10019046,14627,555,57622.02,2024-01-17 03:12:40,SUCCESS,NETBANKING,Nagpur,CREDIT,13537.3,50,MEDIUM
10019047,14627,473,51859.82,2024-01-17 03:15:40,SUCCESS,UPI,Nagpur,DEBIT,3.0,80,HIGH
10032083,14627,163,57159.1,2024-01-27 20:42:41,SUCCESS,NETBANKING,Nagpur,CREDIT,15447.016666666666,30,MEDIUM
10032114,14627,615,51443.19,2024-01-27 21:08:41,SUCCESS,UPI,Nagpur,DEBIT,26.0,30,MEDIUM
10059878,14627,767,56986.32,2024-02-23 10:51:28,SUCCESS,NETBANKING,Nagpur,CREDIT,38262.78333333333,30,MEDIUM
10059908,14627,90,51287.69,2024-02-23 11:08:28,SUCCESS,UPI,Nagpur,DEBIT,17.0,30,MEDIUM
10121412,14627,519,86209.43,2024-04-19 08:32:06,SUCCESS,NETBANKING,Nagpur,CREDIT,13667.733333333334,30,MEDIUM
10121431,14627,631,77588.49,2024-04-19 09:00:06,SUCCESS,UPI,Nagpur,DEBIT,28.0,30,MEDIUM
10137600,14627,375,35720.92,2024-05-04 20:10:58,SUCCESS,UPI,Nagpur,DEBIT,3.0,30,MEDIUM
10018450,14628,273,63624.64,2024-01-16 15:24:38,SUCCESS,NETBANKING,Kolkata,CREDIT,,30,MEDIUM
10018476,14628,461,57262.18,2024-01-16 15:46:38,SUCCESS,UPI,Kolkata,DEBIT,22.0,30,MEDIUM
10086456,14628,799,98146.59,2024-03-17 15:53:31,SUCCESS,NETBANKING,Kolkata,CREDIT,5703.733333333334,30,MEDIUM
10086465,14628,305,88331.93,2024-03-17 16:03:31,SUCCESS,UPI,Kolkata,DEBIT,10.0,30,MEDIUM
10101626,14628,42,89693.65,2024-04-02 11:55:40,SUCCESS,NETBANKING,Kolkata,CREDIT,22792.15,30,MEDIUM
10101647,14628,391,80724.29,2024-04-02 12:11:40,SUCCESS,UPI,Kolkata,DEBIT,16.0,30,MEDIUM
10129568,14628,611,58474.2,2024-04-26 09:13:24,SUCCESS,NETBANKING,Kolkata,CREDIT,34381.73333333333,30,MEDIUM
10129599,14628,691,52626.78,2024-04-26 09:41:24,SUCCESS,UPI,Kolkata,DEBIT,28.0,30,MEDIUM
10135105,14628,428,64737.71,2024-05-02 19:54:47,SUCCESS,NETBANKING,Kolkata,CREDIT,9253.383333333333,30,MEDIUM
10135144,14628,669,58263.94,2024-05-02 20:22:47,SUCCESS,UPI,Kolkata,DEBIT,28.0,30,MEDIUM
10150568,14628,91,56623.64,2024-05-15 16:58:06,SUCCESS,NETBANKING,Kolkata,CREDIT,18515.316666666666,30,MEDIUM
10150600,14628,721,50961.28,2024-05-15 17:27:06,SUCCESS,UPI,Kolkata,DEBIT,29.0,30,MEDIUM
10160767,14628,550,50474.51,2024-05-24 07:35:41,SUCCESS,NETBANKING,Kolkata,CREDIT,12368.583333333334,30,MEDIUM
10166861,14628,485,98240.47,2024-06-01 08:37:21,SUCCESS,NETBANKING,Kolkata,CREDIT,11574.666666666666,30,MEDIUM
10166884,14628,691,88416.42,2024-06-01 09:05:21,SUCCESS,UPI,Kolkata,DEBIT,28.0,30,MEDIUM
10191132,14628,251,96350.72,2024-06-21 08:18:03,SUCCESS,NETBANKING,Kolkata,CREDIT,2280.4333333333334,30,MEDIUM
10191143,14628,684,86715.65,2024-06-21 08:38:03,SUCCESS,UPI,Kolkata,DEBIT,20.0,30,MEDIUM
10192247,14628,394,41361.44,2024-06-22 01:48:18,SUCCESS,UPI,Kolkata,DEBIT,4.0,50,MEDIUM
10068692,14629,584,70532.26,2024-03-02 15:29:51,SUCCESS,NETBANKING,Thiruvananthapuram,CREDIT,50386.48333333333,30,MEDIUM
10068707,14629,157,63479.03,2024-03-02 15:49:51,SUCCESS,UPI,Thiruvananthapuram,DEBIT,20.0,30,MEDIUM
10103667,14629,584,79446.33,2024-04-04 02:13:20,SUCCESS,NETBANKING,Thiruvananthapuram,CREDIT,46703.48333333333,50,MEDIUM
10103679,14629,254,71501.7,2024-04-04 02:42:20,SUCCESS,UPI,Thiruvananthapuram,DEBIT,29.0,50,MEDIUM
10152465,14629,744,92472.76,2024-05-17 11:45:44,SUCCESS,NETBANKING,Thiruvananthapuram,CREDIT,45969.73333333333,30,MEDIUM
10152484,14629,659,83225.48,2024-05-17 12:06:44,SUCCESS,UPI,Thiruvananthapuram,DEBIT,21.0,30,MEDIUM
10162008,14629,236,92969.0,2024-05-25 09:07:09,SUCCESS,NETBANKING,Thiruvananthapuram,CREDIT,11340.416666666666,30,MEDIUM
10162030,14629,402,83672.1,2024-05-25 09:27:09,SUCCESS,UPI,Thiruvananthapuram,DEBIT,20.0,30,MEDIUM
10170746,14629,143,83446.62,2024-06-04 11:19:22,SUCCESS,NETBANKING,Thiruvananthapuram,CREDIT,14374.016666666666,30,MEDIUM
10170790,14629,728,75101.96,2024-06-04 11:42:22,SUCCESS,UPI,Thiruvananthapuram,DEBIT,23.0,30,MEDIUM
10039810,14630,158,39100.39,2024-02-06 13:42:47,SUCCESS,UPI,Chennai,DEBIT,4.0,30,MEDIUM
10045629,14630,238,54052.27,2024-02-11 10:36:06,SUCCESS,NETBANKING,Chennai,CREDIT,3667.483333333333,30,MEDIUM
10046205,14630,243,67270.4,2024-02-11 18:15:40,SUCCESS,NETBANKING,Chennai,CREDIT,447.56666666666666,30,MEDIUM
10046239,14630,268,60543.36,2024-02-11 18:37:40,SUCCESS,UPI,Chennai,DEBIT,22.0,30,MEDIUM
10080745,14630,685,61134.36,2024-03-12 17:35:33,SUCCESS,NETBANKING,Chennai,CREDIT,43137.88333333333,30,MEDIUM
10080752,14630,85,55020.92,2024-03-12 17:40:33,SUCCESS,UPI,Chennai,DEBIT,5.0,60,HIGH
10130736,14630,256,54150.75,2024-04-27 09:22:53,SUCCESS,NETBANKING,Chennai,CREDIT,65742.33333333333,30,MEDIUM
10130742,14630,591,48735.68,2024-04-27 09:27:53,SUCCESS,UPI,Chennai,DEBIT,5.0,30,MEDIUM
10145363,14630,799,64511.12,2024-05-11 11:02:04,SUCCESS,NETBANKING,Chennai,CREDIT,20254.183333333334,30,MEDIUM
10145401,14630,54,58060.01,2024-05-11 11:28:04,SUCCESS,UPI,Chennai,DEBIT,26.0,30,MEDIUM
10154560,14630,44,69591.71,2024-05-19 09:15:44,SUCCESS,NETBANKING,Chennai,CREDIT,11387.666666666666,30,MEDIUM
10154568,14630,508,62632.54,2024-05-19 09:22:44,SUCCESS,UPI,Chennai,DEBIT,7.0,30,MEDIUM
10173115,14630,152,55068.23,2024-06-06 10:53:16,SUCCESS,NETBANKING,Chennai,CREDIT,26010.533333333333,30,MEDIUM
10173125,14630,51,49561.41,2024-06-06 10:57:16,SUCCESS,UPI,Chennai,DEBIT,4.0,30,MEDIUM
10180613,14630,256,69764.59,2024-06-12 13:20:12,SUCCESS,NETBANKING,Chennai,CREDIT,8782.933333333332,30,MEDIUM
10180622,14630,374,62788.13,2024-06-12 13:28:12,SUCCESS,UPI,Chennai,DEBIT,8.0,30,MEDIUM
10187685,14630,372,65622.36,2024-06-18 11:32:02,SUCCESS,NETBANKING,Chennai,CREDIT,8523.833333333334,30,MEDIUM
10187708,14630,47,59060.12,2024-06-18 11:54:02,SUCCESS,UPI,Chennai,DEBIT,22.0,30,MEDIUM
10188952,14630,160,89546.65,2024-06-19 12:04:50,SUCCESS,NETBANKING,Chennai,CREDIT,1450.8,30,MEDIUM
10188965,14630,211,80591.99,2024-06-19 12:12:50,SUCCESS,UPI,Chennai,DEBIT,8.0,30,MEDIUM
10198736,14630,684,81645.88,2024-06-27 13:13:50,SUCCESS,NETBANKING,Chennai,CREDIT,11581.0,30,MEDIUM
10198762,14630,206,73481.29,2024-06-27 13:34:50,SUCCESS,UPI,Chennai,DEBIT,21.0,30,MEDIUM
10021727,14631,135,92446.77,2024-01-19 11:20:38,SUCCESS,NETBANKING,Thiruvananthapuram,CREDIT,,30,MEDIUM
10021737,14631,83,83202.09,2024-01-19 11:27:38,SUCCESS,UPI,Thiruvananthapuram,DEBIT,7.0,30,MEDIUM
10022321,14631,697,70183.19,2024-01-19 19:17:11,SUCCESS,NETBANKING,Thiruvananthapuram,CREDIT,469.55,30,MEDIUM
10022346,14631,784,63164.87,2024-01-19 19:31:11,SUCCESS,UPI,Thiruvananthapuram,DEBIT,14.0,30,MEDIUM
10061048,14631,734,76667.42,2024-02-24 10:44:59,SUCCESS,NETBANKING,Thiruvananthapuram,CREDIT,39542.45,30,MEDIUM
10061054,14631,515,69000.68,2024-02-24 10:46:59,SUCCESS,UPI,Thiruvananthapuram,DEBIT,2.0,60,HIGH
10085037,14631,125,58201.87,2024-03-16 11:59:21,SUCCESS,NETBANKING,Thiruvananthapuram,CREDIT,30312.366666666665,30,MEDIUM
10085046,14631,760,52381.68,2024-03-16 12:09:21,SUCCESS,UPI,Thiruvananthapuram,DEBIT,10.0,30,MEDIUM
10095073,14631,662,90567.57,2024-03-24 19:40:18,SUCCESS,NETBANKING,Thiruvananthapuram,CREDIT,11970.95,30,MEDIUM
10095075,14631,145,81510.81,2024-03-24 19:42:18,SUCCESS,UPI,Thiruvananthapuram,DEBIT,2.0,60,HIGH
10128213,14631,486,75996.56,2024-04-24 22:06:22,SUCCESS,NETBANKING,Thiruvananthapuram,CREDIT,44784.066666666666,30,MEDIUM
10128219,14631,225,68396.9,2024-04-24 22:17:22,SUCCESS,UPI,Thiruvananthapuram,DEBIT,11.0,30,MEDIUM
10138949,14631,42,56682.27,2024-05-06 02:06:10,SUCCESS,NETBANKING,Thiruvananthapuram,CREDIT,10473.933333333332,50,MEDIUM
10138962,14631,724,51014.04,2024-05-06 02:32:10,SUCCESS,UPI,Thiruvananthapuram,DEBIT,26.0,50,MEDIUM
10176564,14631,243,98590.47,2024-06-09 03:47:29,SUCCESS,NETBANKING,Thiruvananthapuram,CREDIT,19269.683333333334,50,MEDIUM
10176565,14631,754,88731.42,2024-06-09 03:54:29,SUCCESS,UPI,Thiruvananthapuram,DEBIT,7.0,50,MEDIUM
10020387,14632,105,87908.66,2024-01-18 09:10:44,SUCCESS,NETBANKING,Kochi,CREDIT,22108.233333333334,30,MEDIUM
10020410,14632,432,79117.79,2024-01-18 09:39:44,SUCCESS,UPI,Kochi,DEBIT,29.0,30,MEDIUM
10106479,14632,784,61587.16,2024-04-06 14:48:24,SUCCESS,NETBANKING,Kochi,CREDIT,14447.583333333334,30,MEDIUM
10106491,14632,781,55428.44,2024-04-06 14:59:24,SUCCESS,UPI,Kochi,DEBIT,11.0,30,MEDIUM
10115346,14632,689,59701.69,2024-04-13 22:16:18,SUCCESS,NETBANKING,Kochi,CREDIT,10516.9,30,MEDIUM
10115354,14632,389,53731.52,2024-04-13 22:25:18,SUCCESS,UPI,Kochi,DEBIT,9.0,30,MEDIUM
10182501,14632,392,53979.52,2024-06-13 21:39:32,SUCCESS,NETBANKING,Kochi,CREDIT,85402.33333333333,30,MEDIUM
10194244,14632,185,71482.97,2024-06-23 16:48:04,SUCCESS,NETBANKING,Kochi,CREDIT,14081.533333333333,30,MEDIUM
10194246,14632,757,64334.67,2024-06-23 16:51:04,SUCCESS,UPI,Kochi,DEBIT,3.0,60,HIGH
10056922,14633,319,96039.36,2024-02-20 19:28:07,SUCCESS,NETBANKING,Coimbatore,CREDIT,,30,MEDIUM
10056930,14633,315,86435.42,2024-02-20 19:32:07,SUCCESS,UPI,Coimbatore,DEBIT,4.0,60,HIGH
10063310,14633,607,31307.47,2024-02-26 04:14:27,SUCCESS,UPI,Coimbatore,DEBIT,3.0,50,MEDIUM
10085122,14633,301,23397.79,2024-03-16 13:02:48,SUCCESS,UPI,Coimbatore,DEBIT,3.0,30,MEDIUM
10088711,14633,236,67221.3,2024-03-19 14:14:41,SUCCESS,NETBANKING,Coimbatore,CREDIT,4391.883333333333,30,MEDIUM
10088717,14633,519,60499.17,2024-03-19 14:19:41,SUCCESS,UPI,Coimbatore,DEBIT,5.0,60,HIGH
10091998,14633,759,59386.72,2024-03-22 10:55:36,SUCCESS,NETBANKING,Coimbatore,CREDIT,4115.916666666667,30,MEDIUM
10092004,14633,515,53448.05,2024-03-22 10:57:36,SUCCESS,UPI,Coimbatore,DEBIT,2.0,60,HIGH
10137676,14633,355,93202.33,2024-05-04 21:10:30,SUCCESS,NETBANKING,Coimbatore,CREDIT,62532.9,30,MEDIUM
10137681,14633,51,83882.1,2024-05-04 21:14:30,SUCCESS,UPI,Coimbatore,DEBIT,4.0,60,HIGH
10174836,14633,570,74888.36,2024-06-07 17:37:01,SUCCESS,NETBANKING,Coimbatore,CREDIT,48742.51666666667,30,MEDIUM
10174871,14633,310,67399.52,2024-06-07 17:59:01,SUCCESS,UPI,Coimbatore,DEBIT,22.0,30,MEDIUM
10179837,14633,341,61806.89,2024-06-11 19:21:25,SUCCESS,NETBANKING,Coimbatore,CREDIT,5842.4,30,MEDIUM
10179850,14633,460,55626.2,2024-06-11 19:33:25,SUCCESS,UPI,Coimbatore,DEBIT,12.0,30,MEDIUM
10183032,14633,45,68284.19,2024-06-14 13:11:16,SUCCESS,NETBANKING,Coimbatore,CREDIT,3937.85,30,MEDIUM
10183056,14633,193,61455.77,2024-06-14 13:32:16,SUCCESS,UPI,Coimbatore,DEBIT,21.0,30,MEDIUM
10018462,14634,735,82708.38,2024-01-16 15:30:58,SUCCESS,NETBANKING,Vadodara,CREDIT,,30,MEDIUM
10018477,14634,224,74437.54,2024-01-16 15:46:58,SUCCESS,UPI,Vadodara,DEBIT,16.0,30,MEDIUM
10050674,14634,679,78877.9,2024-02-15 16:08:20,SUCCESS,NETBANKING,Vadodara,CREDIT,36018.46666666667,30,MEDIUM
10050698,14634,498,70990.11,2024-02-15 16:32:20,SUCCESS,UPI,Vadodara,DEBIT,24.0,30,MEDIUM
10069508,14634,241,99335.17,2024-03-03 10:40:16,SUCCESS,NETBANKING,Vadodara,CREDIT,24127.933333333334,30,MEDIUM
10069529,14634,73,89401.65,2024-03-03 10:52:16,SUCCESS,UPI,Vadodara,DEBIT,12.0,30,MEDIUM
10070868,14634,154,43250.33,2024-03-04 12:15:35,SUCCESS,UPI,Vadodara,DEBIT,5.0,30,MEDIUM
10118890,14634,72,55863.33,2024-04-16 21:05:17,SUCCESS,NETBANKING,Vadodara,CREDIT,62449.7,30,MEDIUM
10118904,14634,739,50277.0,2024-04-16 21:16:17,SUCCESS,UPI,Vadodara,DEBIT,11.0,30,MEDIUM
10173376,14634,406,62693.49,2024-06-06 14:01:11,SUCCESS,NETBANKING,Vadodara,CREDIT,24782.866666666665,30,MEDIUM
10173385,14634,111,56424.14,2024-06-06 14:08:11,SUCCESS,UPI,Vadodara,DEBIT,7.0,30,MEDIUM
10012760,14635,315,98235.58,2024-01-11 18:35:36,SUCCESS,NETBANKING,Indore,CREDIT,,30,MEDIUM
10012785,14635,522,88412.02,2024-01-11 18:47:36,SUCCESS,UPI,Indore,DEBIT,12.0,30,MEDIUM
10026165,14635,511,69914.11,2024-01-22 21:05:03,SUCCESS,NETBANKING,Indore,CREDIT,15977.45,30,MEDIUM
10026171,14635,469,62922.7,2024-01-22 21:11:03,SUCCESS,UPI,Indore,DEBIT,6.0,30,MEDIUM
10055988,14635,435,40777.79,2024-02-20 06:35:14,SUCCESS,UPI,Indore,DEBIT,4.0,30,MEDIUM
10072518,14635,68,21472.4,2024-03-05 18:21:56,SUCCESS,UPI,Indore,DEBIT,3.0,30,MEDIUM
10078795,14635,792,50049.35,2024-03-11 04:02:11,SUCCESS,NETBANKING,Indore,CREDIT,7780.25,50,MEDIUM
10097848,14635,697,53958.84,2024-03-27 10:33:23,SUCCESS,NETBANKING,Indore,CREDIT,23405.2,30,MEDIUM
10097855,14635,433,48562.96,2024-03-27 10:38:23,SUCCESS,UPI,Indore,DEBIT,5.0,30,MEDIUM
10098526,14635,81,67280.89,2024-03-27 19:15:06,SUCCESS,NETBANKING,Indore,CREDIT,516.7166666666667,30,MEDIUM
10098535,14635,587,60552.8,2024-03-27 19:18:06,SUCCESS,UPI,Indore,DEBIT,3.0,60,HIGH
10122400,14635,417,72082.77,2024-04-19 21:37:28,SUCCESS,NETBANKING,Indore,CREDIT,33259.36666666667,30,MEDIUM
10122412,14635,191,64874.49,2024-04-19 21:48:28,SUCCESS,UPI,Indore,DEBIT,11.0,30,MEDIUM
10183149,14635,666,84914.09,2024-06-14 14:59:00,SUCCESS,NETBANKING,Indore,CREDIT,80230.53333333334,30,MEDIUM
10183158,14635,107,76422.68,2024-06-14 15:10:00,SUCCESS,UPI,Indore,DEBIT,11.0,30,MEDIUM
10001345,14636,611,62814.71,2024-01-02 09:50:28,SUCCESS,NETBANKING,Coimbatore,CREDIT,,30,MEDIUM
10001369,14636,551,56533.24,2024-01-02 10:03:28,SUCCESS,UPI,Coimbatore,DEBIT,13.0,30,MEDIUM
10024953,14636,682,97902.01,2024-01-21 20:44:02,SUCCESS,NETBANKING,Coimbatore,CREDIT,28000.566666666666,30,MEDIUM
10024974,14636,423,88111.81,2024-01-21 21:04:02,SUCCESS,UPI,Coimbatore,DEBIT,20.0,30,MEDIUM
10076048,14636,351,90041.31,2024-03-08 18:56:31,SUCCESS,NETBANKING,Coimbatore,CREDIT,17353.616666666665,30,MEDIUM
10076054,14636,369,81037.18,2024-03-08 19:00:31,SUCCESS,UPI,Coimbatore,DEBIT,4.0,60,HIGH
10115888,14636,714,70279.65,2024-04-14 13:10:43,SUCCESS,NETBANKING,Coimbatore,CREDIT,41303.333333333336,30,MEDIUM
10115921,14636,760,63251.68,2024-04-14 13:34:43,SUCCESS,UPI,Coimbatore,DEBIT,24.0,30,MEDIUM
10130714,14636,649,53125.64,2024-04-27 08:50:07,SUCCESS,NETBANKING,Coimbatore,CREDIT,18435.4,30,MEDIUM
10150417,14636,227,50569.42,2024-05-15 14:48:10,SUCCESS,NETBANKING,Coimbatore,CREDIT,26263.05,30,MEDIUM
10160614,14636,700,90381.14,2024-05-23 23:12:15,SUCCESS,NETBANKING,Coimbatore,CREDIT,12003.083333333334,50,MEDIUM
10160617,14636,60,81343.03,2024-05-23 23:15:15,SUCCESS,UPI,Coimbatore,DEBIT,3.0,80,HIGH
10172391,14636,284,68304.06,2024-06-05 16:58:53,SUCCESS,NETBANKING,Coimbatore,CREDIT,16965.9,30,MEDIUM
10172407,14636,282,61473.65,2024-06-05 17:10:53,SUCCESS,UPI,Coimbatore,DEBIT,12.0,30,MEDIUM
10179295,14636,201,80968.79,2024-06-11 12:03:33,SUCCESS,NETBANKING,Coimbatore,CREDIT,8332.666666666666,30,MEDIUM
10179309,14636,396,72871.91,2024-06-11 12:11:33,SUCCESS,UPI,Coimbatore,DEBIT,8.0,30,MEDIUM
10193346,14636,232,96931.6,2024-06-22 20:43:53,SUCCESS,NETBANKING,Coimbatore,CREDIT,16352.333333333334,30,MEDIUM
10193356,14636,399,87238.44,2024-06-22 20:49:53,SUCCESS,UPI,Coimbatore,DEBIT,6.0,30,MEDIUM
10001311,14637,667,51075.43,2024-01-02 09:03:09,SUCCESS,NETBANKING,Hyderabad,CREDIT,,30,MEDIUM
10001468,14637,418,83841.12,2024-01-02 11:06:41,SUCCESS,NETBANKING,Hyderabad,CREDIT,116.53333333333333,30,MEDIUM
10001476,14637,517,75457.01,2024-01-02 11:11:41,SUCCESS,UPI,Hyderabad,DEBIT,5.0,60,HIGH
10031228,14637,378,65132.85,2024-01-27 09:53:46,SUCCESS,NETBANKING,Hyderabad,CREDIT,8525.916666666666,30,MEDIUM
10031266,14637,523,58619.57,2024-01-27 10:22:46,SUCCESS,UPI,Hyderabad,DEBIT,29.0,30,MEDIUM
10058650,14637,236,56657.12,2024-02-22 10:13:19,SUCCESS,NETBANKING,Hyderabad,CREDIT,26849.016666666666,30,MEDIUM
10058696,14637,489,50991.41,2024-02-22 10:42:19,SUCCESS,UPI,Hyderabad,DEBIT,29.0,30,MEDIUM
10085591,14637,560,97937.9,2024-03-16 19:08:39,SUCCESS,NETBANKING,Hyderabad,CREDIT,33626.333333333336,30,MEDIUM
10085627,14637,196,88144.11,2024-03-16 19:36:39,SUCCESS,UPI,Hyderabad,DEBIT,28.0,30,MEDIUM
10123336,14637,270,78577.7,2024-04-20 18:18:36,SUCCESS,NETBANKING,Hyderabad,CREDIT,16082.6,30,MEDIUM
10123344,14637,130,70719.93,2024-04-20 18:22:36,SUCCESS,UPI,Hyderabad,DEBIT,4.0,60,HIGH
10160275,14637,109,51439.38,2024-05-23 18:13:53,SUCCESS,NETBANKING,Hyderabad,CREDIT,94.86666666666666,30,MEDIUM
10176448,14637,207,88809.76,2024-06-08 21:51:12,SUCCESS,NETBANKING,Hyderabad,CREDIT,23251.316666666666,30,MEDIUM
10176469,14637,640,79928.78,2024-06-08 22:20:12,SUCCESS,UPI,Hyderabad,DEBIT,29.0,30,MEDIUM
10189684,14637,356,73468.31,2024-06-19 21:22:23,SUCCESS,NETBANKING,Hyderabad,CREDIT,5655.683333333333,30,MEDIUM
10189696,14637,321,66121.48,2024-06-19 21:35:23,SUCCESS,UPI,Hyderabad,DEBIT,13.0,30,MEDIUM
10003942,14638,532,57827.52,2024-01-04 12:58:02,SUCCESS,NETBANKING,Vadodara,CREDIT,,30,MEDIUM
10003975,14638,315,52044.77,2024-01-04 13:26:02,SUCCESS,UPI,Vadodara,DEBIT,28.0,30,MEDIUM
10008191,14638,310,90471.76,2024-01-07 22:37:04,SUCCESS,NETBANKING,Vadodara,CREDIT,4871.033333333334,30,MEDIUM
10008210,14638,587,81424.58,2024-01-07 23:07:04,SUCCESS,UPI,Vadodara,DEBIT,30.0,50,MEDIUM
10026311,14638,675,87664.57,2024-01-23 03:59:29,SUCCESS,NETBANKING,Vadodara,CREDIT,21892.416666666668,50,MEDIUM
10026318,14638,258,78898.11,2024-01-23 04:28:29,SUCCESS,UPI,Vadodara,DEBIT,29.0,50,MEDIUM
10064344,14638,589,89367.4,2024-02-26 21:12:16,SUCCESS,NETBANKING,Vadodara,CREDIT,32169.466666666667,30,MEDIUM
10064347,14638,277,80430.66,2024-02-26 21:15:16,SUCCESS,UPI,Vadodara,DEBIT,3.0,60,HIGH
10097103,14638,607,91022.45,2024-03-26 16:41:49,SUCCESS,NETBANKING,Vadodara,CREDIT,41486.55,30,MEDIUM
10097134,14638,724,81920.21,2024-03-26 17:07:49,SUCCESS,UPI,Vadodara,DEBIT,26.0,30,MEDIUM
10145322,14638,635,20688.35,2024-05-11 10:46:32,SUCCESS,UPI,Vadodara,DEBIT,2.0,30,MEDIUM
10014545,14639,67,61613.09,2024-01-13 11:13:18,SUCCESS,NETBANKING,Delhi,CREDIT,6953.033333333334,30,MEDIUM
10014550,14639,659,55451.78,2024-01-13 11:16:18,SUCCESS,UPI,Delhi,DEBIT,3.0,60,HIGH
10021085,14639,48,31212.16,2024-01-18 18:37:35,SUCCESS,UPI,Delhi,DEBIT,5.0,30,MEDIUM
10050076,14639,639,72613.54,2024-02-15 05:13:27,SUCCESS,NETBANKING,Delhi,CREDIT,15436.766666666666,30,MEDIUM
10050086,14639,229,65352.19,2024-02-15 05:43:27,SUCCESS,UPI,Delhi,DEBIT,30.0,30,MEDIUM
10071792,14639,538,51950.63,2024-03-05 08:49:43,SUCCESS,NETBANKING,Delhi,CREDIT,27546.266666666666,30,MEDIUM
10071794,14639,485,46755.57,2024-03-05 08:54:43,SUCCESS,UPI,Delhi,DEBIT,5.0,30,MEDIUM
10090844,14639,507,59512.05,2024-03-21 11:37:05,SUCCESS,NETBANKING,Delhi,CREDIT,23202.366666666665,30,MEDIUM
10090870,14639,562,53560.85,2024-03-21 11:51:05,SUCCESS,UPI,Delhi,DEBIT,14.0,30,MEDIUM
10092061,14639,674,26428.95,2024-03-22 11:34:48,SUCCESS,UPI,Delhi,DEBIT,2.0,30,MEDIUM
10124383,14639,231,80690.1,2024-04-21 17:01:48,SUCCESS,NETBANKING,Delhi,CREDIT,43527.0,30,MEDIUM
10124398,14639,450,72621.09,2024-04-21 17:08:48,SUCCESS,UPI,Delhi,DEBIT,7.0,30,MEDIUM
10021354,14640,468,68129.91,2024-01-18 21:59:44,SUCCESS,NETBANKING,Kochi,CREDIT,19251.316666666666,30,MEDIUM
10021363,14640,344,61316.92,2024-01-18 22:15:44,SUCCESS,UPI,Kochi,DEBIT,16.0,30,MEDIUM
10039308,14640,365,72134.28,2024-02-06 01:38:57,SUCCESS,NETBANKING,Kochi,CREDIT,14767.433333333332,50,MEDIUM
10039313,14640,656,64920.85,2024-02-06 01:46:57,SUCCESS,UPI,Kochi,DEBIT,8.0,50,MEDIUM
10044052,14640,438,95554.43,2024-02-09 21:35:57,SUCCESS,NETBANKING,Kochi,CREDIT,5509.0,30,MEDIUM
10044076,14640,505,85998.99,2024-02-09 22:04:57,SUCCESS,UPI,Kochi,DEBIT,29.0,30,MEDIUM
10047052,14640,263,99041.26,2024-02-12 13:55:56,SUCCESS,NETBANKING,Kochi,CREDIT,3830.983333333333,30,MEDIUM
10047075,14640,125,89137.13,2024-02-12 14:11:56,SUCCESS,UPI,Kochi,DEBIT,16.0,30,MEDIUM
10060577,14640,550,94225.96,2024-02-23 19:58:32,SUCCESS,NETBANKING,Kochi,CREDIT,16186.6,30,MEDIUM
10060590,14640,410,84803.36,2024-02-23 20:05:32,SUCCESS,UPI,Kochi,DEBIT,7.0,30,MEDIUM
10066012,14640,272,57416.35,2024-02-28 11:18:24,SUCCESS,NETBANKING,Kochi,CREDIT,6672.866666666667,30,MEDIUM
10066050,14640,370,51674.71,2024-02-28 11:40:24,SUCCESS,UPI,Kochi,DEBIT,22.0,30,MEDIUM
10119920,14640,94,51593.02,2024-04-17 19:09:48,SUCCESS,NETBANKING,Kochi,CREDIT,53957.48333333333,30,MEDIUM
10139796,14640,695,34706.38,2024-05-06 18:10:49,SUCCESS,UPI,Kochi,DEBIT,3.0,30,MEDIUM
10152972,14640,760,83882.95,2024-05-17 18:25:01,SUCCESS,NETBANKING,Kochi,CREDIT,15854.2,30,MEDIUM
10152992,14640,299,75494.65,2024-05-17 18:38:01,SUCCESS,UPI,Kochi,DEBIT,13.0,30,MEDIUM
10162121,14640,330,56962.02,2024-05-25 10:43:46,SUCCESS,NETBANKING,Kochi,CREDIT,6828.7,30,MEDIUM
10162147,14640,714,51265.82,2024-05-25 11:01:46,SUCCESS,UPI,Kochi,DEBIT,18.0,30,MEDIUM
10063338,14641,137,19674.88,2024-02-26 06:30:59,SUCCESS,UPI,Ahmedabad,DEBIT,5.0,30,MEDIUM
10109720,14641,604,82804.63,2024-04-09 10:22:20,SUCCESS,NETBANKING,Ahmedabad,CREDIT,62151.35,30,MEDIUM
10109746,14641,388,74524.17,2024-04-09 10:35:20,SUCCESS,UPI,Ahmedabad,DEBIT,13.0,30,MEDIUM
10143565,14641,702,73098.65,2024-05-09 20:14:26,SUCCESS,NETBANKING,Ahmedabad,CREDIT,22998.483333333334,30,MEDIUM
10143574,14641,617,65788.79,2024-05-09 20:20:26,SUCCESS,UPI,Ahmedabad,DEBIT,6.0,30,MEDIUM
10152822,14641,403,37972.75,2024-05-17 16:45:29,SUCCESS,UPI,Ahmedabad,DEBIT,2.0,30,MEDIUM
10182491,14641,248,68523.56,2024-06-13 21:32:26,SUCCESS,NETBANKING,Ahmedabad,CREDIT,12076.416666666666,30,MEDIUM
10182503,14641,344,61671.2,2024-06-13 21:40:26,SUCCESS,UPI,Ahmedabad,DEBIT,8.0,30,MEDIUM
10035676,14642,782,75623.17,2024-02-02 23:44:40,SUCCESS,NETBANKING,Chandigarh,CREDIT,,50,MEDIUM
10035680,14642,132,68060.85,2024-02-02 23:55:40,SUCCESS,UPI,Chandigarh,DEBIT,11.0,50,MEDIUM
10114222,14642,600,81022.28,2024-04-13 01:30:46,SUCCESS,NETBANKING,Chandigarh,CREDIT,9345.716666666667,50,MEDIUM
10114226,14642,48,72920.05,2024-04-13 01:49:46,SUCCESS,UPI,Chandigarh,DEBIT,19.0,50,MEDIUM
10178639,14642,344,96629.08,2024-06-10 19:20:03,SUCCESS,NETBANKING,Chandigarh,CREDIT,84570.28333333334,30,MEDIUM
10178657,14642,208,86966.17,2024-06-10 19:35:03,SUCCESS,UPI,Chandigarh,DEBIT,15.0,30,MEDIUM
10027826,14643,785,75571.28,2024-01-24 12:11:36,SUCCESS,NETBANKING,Chennai,CREDIT,,30,MEDIUM
10027854,14643,702,68014.15,2024-01-24 12:33:36,SUCCESS,UPI,Chennai,DEBIT,22.0,30,MEDIUM
10041547,14643,721,40109.43,2024-02-07 19:40:44,SUCCESS,UPI,Chennai,DEBIT,3.0,30,MEDIUM
10042382,14643,101,93725.35,2024-02-08 15:02:11,SUCCESS,NETBANKING,Chennai,CREDIT,1161.45,30,MEDIUM
10042390,14643,779,84352.82,2024-02-08 15:05:11,SUCCESS,UPI,Chennai,DEBIT,3.0,60,HIGH
10045898,14643,505,62338.72,2024-02-11 14:07:13,SUCCESS,NETBANKING,Chennai,CREDIT,4262.033333333334,30,MEDIUM
10045920,14643,175,56104.85,2024-02-11 14:36:13,SUCCESS,UPI,Chennai,DEBIT,29.0,30,MEDIUM
10057744,14643,681,97010.81,2024-02-21 14:10:05,SUCCESS,NETBANKING,Chennai,CREDIT,14373.866666666667,30,MEDIUM
10057749,14643,601,87309.73,2024-02-21 14:12:05,SUCCESS,UPI,Chennai,DEBIT,2.0,60,HIGH
10082500,14643,88,94787.16,2024-03-14 09:24:35,SUCCESS,NETBANKING,Chennai,CREDIT,31392.5,30,MEDIUM
10082531,14643,441,85308.44,2024-03-14 09:49:35,SUCCESS,UPI,Chennai,DEBIT,25.0,30,MEDIUM
10101892,14643,142,99763.12,2024-04-02 15:46:47,SUCCESS,NETBANKING,Chennai,CREDIT,27717.2,30,MEDIUM
10101904,14643,655,89786.81,2024-04-02 15:57:47,SUCCESS,UPI,Chennai,DEBIT,11.0,30,MEDIUM
10116403,14643,413,93637.3,2024-04-14 19:20:56,SUCCESS,NETBANKING,Chennai,CREDIT,9242.75,30,MEDIUM
10116431,14643,545,84273.57,2024-04-14 19:35:56,SUCCESS,UPI,Chennai,DEBIT,15.0,30,MEDIUM
10134629,14643,87,97480.39,2024-05-02 13:33:28,SUCCESS,NETBANKING,Chennai,CREDIT,8629.916666666666,30,MEDIUM
10134636,14643,685,87732.35,2024-05-02 13:37:28,SUCCESS,UPI,Chennai,DEBIT,4.0,60,HIGH
10137148,14643,131,82751.75,2024-05-04 14:25:52,SUCCESS,NETBANKING,Chennai,CREDIT,2928.4,30,MEDIUM
10137181,14643,106,74476.57,2024-05-04 14:50:52,SUCCESS,UPI,Chennai,DEBIT,25.0,30,MEDIUM
10157951,14643,164,92629.24,2024-05-21 20:18:27,SUCCESS,NETBANKING,Chennai,CREDIT,20425.266666666666,30,MEDIUM
10157984,14643,656,83366.32,2024-05-21 20:45:27,SUCCESS,UPI,Chennai,DEBIT,27.0,30,MEDIUM
10181635,14643,290,78916.2,2024-06-13 10:39:38,SUCCESS,NETBANKING,Chennai,CREDIT,32514.183333333334,30,MEDIUM
10181647,14643,253,71024.58,2024-06-13 10:45:38,SUCCESS,UPI,Chennai,DEBIT,6.0,30,MEDIUM
10019618,14644,354,69797.5,2024-01-17 14:40:33,SUCCESS,NETBANKING,Ahmedabad,CREDIT,,30,MEDIUM
10019637,14644,508,62817.75,2024-01-17 14:56:33,SUCCESS,UPI,Ahmedabad,DEBIT,16.0,30,MEDIUM
10071218,14644,139,51844.99,2024-03-04 17:06:14,SUCCESS,NETBANKING,Ahmedabad,CREDIT,67809.68333333333,30,MEDIUM
10079655,14644,92,69826.63,2024-03-11 18:36:46,SUCCESS,NETBANKING,Ahmedabad,CREDIT,10145.533333333333,30,MEDIUM
10079673,14644,348,62843.97,2024-03-11 18:46:46,SUCCESS,UPI,Ahmedabad,DEBIT,10.0,30,MEDIUM
10079949,14644,594,65547.69,2024-03-11 22:08:09,SUCCESS,NETBANKING,Ahmedabad,CREDIT,201.38333333333333,30,MEDIUM
10079956,14644,255,58992.92,2024-03-11 22:26:09,SUCCESS,UPI,Ahmedabad,DEBIT,18.0,30,MEDIUM
10093341,14644,244,53895.64,2024-03-23 13:09:03,SUCCESS,NETBANKING,Ahmedabad,CREDIT,16722.9,30,MEDIUM
10144602,14644,687,82408.39,2024-05-10 17:29:25,SUCCESS,NETBANKING,Ahmedabad,CREDIT,500.81666666666666,30,MEDIUM
10144641,14644,449,74167.55,2024-05-10 17:52:25,SUCCESS,UPI,Ahmedabad,DEBIT,23.0,30,MEDIUM
10164288,14644,215,85239.29,2024-05-27 08:52:00,SUCCESS,NETBANKING,Ahmedabad,CREDIT,6899.05,30,MEDIUM
10164314,14644,56,76715.36,2024-05-27 09:22:00,SUCCESS,UPI,Ahmedabad,DEBIT,30.0,30,MEDIUM
10006144,14645,648,79707.01,2024-01-06 10:41:47,SUCCESS,NETBANKING,Nagpur,CREDIT,,30,MEDIUM
10006168,14645,624,71736.31,2024-01-06 11:06:47,SUCCESS,UPI,Nagpur,DEBIT,25.0,30,MEDIUM
10046676,14645,649,59980.28,2024-02-12 09:08:45,SUCCESS,NETBANKING,Nagpur,CREDIT,20721.15,30,MEDIUM
10046698,14645,274,53982.25,2024-02-12 09:28:45,SUCCESS,UPI,Nagpur,DEBIT,20.0,30,MEDIUM
10051248,14645,106,56812.55,2024-02-16 03:28:55,SUCCESS,NETBANKING,Nagpur,CREDIT,5151.933333333333,50,MEDIUM
10051251,14645,582,51131.3,2024-02-16 03:39:55,SUCCESS,UPI,Nagpur,DEBIT,11.0,50,MEDIUM
10107918,14645,228,64755.95,2024-04-07 18:27:35,SUCCESS,NETBANKING,Nagpur,CREDIT,71857.48333333334,30,MEDIUM
10107948,14645,788,58280.35,2024-04-07 18:40:35,SUCCESS,UPI,Nagpur,DEBIT,13.0,30,MEDIUM
10126026,14645,563,74841.37,2024-04-23 03:42:40,SUCCESS,NETBANKING,Nagpur,CREDIT,22142.083333333332,50,MEDIUM
10126031,14645,234,67357.23,2024-04-23 04:02:40,SUCCESS,UPI,Nagpur,DEBIT,20.0,50,MEDIUM
10147776,14645,80,66525.63,2024-05-13 10:57:13,SUCCESS,NETBANKING,Nagpur,CREDIT,29214.55,30,MEDIUM
10147798,14645,166,59873.07,2024-05-13 11:12:13,SUCCESS,UPI,Nagpur,DEBIT,15.0,30,MEDIUM
10150817,14645,149,93089.75,2024-05-15 20:02:05,SUCCESS,NETBANKING,Nagpur,CREDIT,1898.4833333333333,30,MEDIUM
10150849,14645,488,83780.78,2024-05-15 20:31:05,SUCCESS,UPI,Nagpur,DEBIT,29.0,30,MEDIUM
10164772,14645,163,56910.81,2024-05-27 15:32:42,SUCCESS,NETBANKING,Nagpur,CREDIT,16981.616666666665,30,MEDIUM
10164782,14645,733,51219.73,2024-05-27 15:45:42,SUCCESS,UPI,Nagpur,DEBIT,13.0,30,MEDIUM
10177809,14645,184,69348.73,2024-06-10 07:12:44,SUCCESS,NETBANKING,Nagpur,CREDIT,19647.033333333333,30,MEDIUM
10177811,14645,478,62413.86,2024-06-10 07:16:44,SUCCESS,UPI,Nagpur,DEBIT,4.0,60,HIGH
10177917,14645,397,55994.35,2024-06-10 09:58:40,SUCCESS,NETBANKING,Nagpur,CREDIT,161.93333333333334,30,MEDIUM
10177926,14645,50,50394.92,2024-06-10 10:06:40,SUCCESS,UPI,Nagpur,DEBIT,8.0,30,MEDIUM
10019841,14646,601,56186.95,2024-01-17 17:40:12,SUCCESS,NETBANKING,Kolkata,CREDIT,,30,MEDIUM
10019863,14646,255,50568.25,2024-01-17 17:51:12,SUCCESS,UPI,Kolkata,DEBIT,11.0,30,MEDIUM
10030595,14646,281,66632.98,2024-01-26 17:38:08,SUCCESS,NETBANKING,Kolkata,CREDIT,9141.666666666666,30,MEDIUM
10030618,14646,184,59969.68,2024-01-26 17:59:08,SUCCESS,UPI,Kolkata,DEBIT,21.0,30,MEDIUM
10061104,14646,606,88852.94,2024-02-24 11:25:35,SUCCESS,NETBANKING,Kolkata,CREDIT,21461.383333333335,30,MEDIUM
10061158,14646,624,79967.65,2024-02-24 11:53:35,SUCCESS,UPI,Kolkata,DEBIT,28.0,30,MEDIUM
10085709,14646,202,42407.7,2024-03-16 20:44:11,SUCCESS,UPI,Kolkata,DEBIT,4.0,30,MEDIUM
10114384,14646,554,52225.72,2024-04-13 09:18:13,SUCCESS,NETBANKING,Kolkata,CREDIT,39634.03333333333,30,MEDIUM
10127882,14646,395,56956.51,2024-04-24 17:19:26,SUCCESS,NETBANKING,Kolkata,CREDIT,16298.216666666667,30,MEDIUM
10127925,14646,378,51260.86,2024-04-24 17:44:26,SUCCESS,UPI,Kolkata,DEBIT,25.0,30,MEDIUM
10143942,14646,618,95180.09,2024-05-10 08:55:46,SUCCESS,NETBANKING,Kolkata,CREDIT,17603.983333333334,30,MEDIUM
10143949,14646,271,85662.08,2024-05-10 09:01:46,SUCCESS,UPI,Kolkata,DEBIT,6.0,30,MEDIUM
10158232,14646,796,59682.31,2024-05-22 08:05:23,SUCCESS,NETBANKING,Kolkata,CREDIT,17223.616666666665,30,MEDIUM
10158244,14646,47,53714.08,2024-05-22 08:18:23,SUCCESS,UPI,Kolkata,DEBIT,13.0,30,MEDIUM
10187955,14646,259,61226.79,2024-06-18 15:26:36,SUCCESS,NETBANKING,Kolkata,CREDIT,39308.21666666667,30,MEDIUM
10187992,14646,340,55104.11,2024-06-18 15:53:36,SUCCESS,UPI,Kolkata,DEBIT,27.0,30,MEDIUM
10006750,14647,92,58896.52,2024-01-06 18:40:40,SUCCESS,NETBANKING,Indore,CREDIT,4198.266666666666,30,MEDIUM
10006757,14647,691,53006.87,2024-01-06 18:45:40,SUCCESS,UPI,Indore,DEBIT,5.0,60,HIGH
10036883,14647,762,90559.42,2024-02-03 23:47:26,SUCCESS,NETBANKING,Indore,CREDIT,9269.55,50,MEDIUM
10036886,14647,601,81503.48,2024-02-03 23:57:26,SUCCESS,UPI,Indore,DEBIT,10.0,50,MEDIUM
10052695,14647,154,61665.59,2024-02-17 11:07:06,SUCCESS,NETBANKING,Indore,CREDIT,19389.666666666668,30,MEDIUM
10052716,14647,597,55499.03,2024-02-17 11:18:06,SUCCESS,UPI,Indore,DEBIT,11.0,30,MEDIUM
10087735,14647,241,77682.77,2024-03-18 17:14:54,SUCCESS,NETBANKING,Indore,CREDIT,7613.5,30,MEDIUM
10087751,14647,179,69914.49,2024-03-18 17:27:54,SUCCESS,UPI,Indore,DEBIT,13.0,30,MEDIUM
10135160,14647,234,35284.72,2024-05-02 20:36:50,SUCCESS,UPI,Indore,DEBIT,3.0,30,MEDIUM
10157383,14647,376,93156.69,2024-05-21 14:05:15,SUCCESS,NETBANKING,Indore,CREDIT,26968.416666666668,30,MEDIUM
10157404,14647,410,83841.02,2024-05-21 14:20:15,SUCCESS,UPI,Indore,DEBIT,15.0,30,MEDIUM
10157774,14647,19,62545.89,2024-05-21 18:24:35,SUCCESS,NETBANKING,Indore,CREDIT,244.33333333333334,30,MEDIUM
10157817,14647,544,56291.3,2024-05-21 18:46:35,SUCCESS,UPI,Indore,DEBIT,22.0,30,MEDIUM
10014159,14648,212,28013.24,2024-01-12 21:44:06,SUCCESS,UPI,Mumbai,DEBIT,2.0,30,MEDIUM
10092349,14648,795,52689.37,2024-03-22 16:19:37,SUCCESS,NETBANKING,Mumbai,CREDIT,100475.51666666666,30,MEDIUM
10092353,14648,207,47420.43,2024-03-22 16:22:37,SUCCESS,UPI,Mumbai,DEBIT,3.0,30,MEDIUM
10096590,14648,47,90944.58,2024-03-26 09:59:37,SUCCESS,NETBANKING,Mumbai,CREDIT,5377.0,30,MEDIUM
10096601,14648,270,81850.12,2024-03-26 10:06:37,SUCCESS,UPI,Mumbai,DEBIT,7.0,30,MEDIUM
10120067,14648,710,54034.14,2024-04-17 21:01:17,SUCCESS,NETBANKING,Mumbai,CREDIT,32334.666666666668,30,MEDIUM
10134649,14648,441,57598.47,2024-05-02 13:46:18,SUCCESS,NETBANKING,Mumbai,CREDIT,21154.016666666666,30,MEDIUM
10134678,14648,88,51838.62,2024-05-02 14:13:18,SUCCESS,UPI,Mumbai,DEBIT,27.0,30,MEDIUM
10174599,14648,210,92234.1,2024-06-07 14:17:17,SUCCESS,NETBANKING,Mumbai,CREDIT,5675.383333333333,30,MEDIUM
10174614,14648,284,83010.69,2024-06-07 14:27:17,SUCCESS,UPI,Mumbai,DEBIT,10.0,30,MEDIUM
10175916,14648,352,51201.53,2024-06-08 15:17:37,SUCCESS,NETBANKING,Mumbai,CREDIT,1490.3333333333333,30,MEDIUM
10098971,14649,20,94282.14,2024-03-28 10:06:21,SUCCESS,NETBANKING,Chandigarh,CREDIT,93422.73333333334,30,MEDIUM
10099002,14649,636,84853.93,2024-03-28 10:27:21,SUCCESS,UPI,Chandigarh,DEBIT,21.0,30,MEDIUM
10158629,14649,599,90891.34,2024-05-22 12:59:32,SUCCESS,NETBANKING,Chandigarh,CREDIT,51506.88333333333,30,MEDIUM
10158668,14649,141,81802.21,2024-05-22 13:22:32,SUCCESS,UPI,Chandigarh,DEBIT,23.0,30,MEDIUM
10169399,14649,542,77049.78,2024-06-03 10:12:00,SUCCESS,NETBANKING,Chandigarh,CREDIT,17089.466666666667,30,MEDIUM
10169415,14649,46,69344.8,2024-06-03 10:23:00,SUCCESS,UPI,Chandigarh,DEBIT,11.0,30,MEDIUM
10180778,14649,163,88325.88,2024-06-12 15:39:35,SUCCESS,NETBANKING,Chandigarh,CREDIT,13276.583333333334,30,MEDIUM
10180814,14649,303,79493.29,2024-06-12 16:07:35,SUCCESS,UPI,Chandigarh,DEBIT,28.0,30,MEDIUM
10189505,14649,687,81099.91,2024-06-19 19:14:05,SUCCESS,NETBANKING,Chandigarh,CREDIT,1446.0166666666667,30,MEDIUM
10189549,14649,420,72989.92,2024-06-19 19:37:05,SUCCESS,UPI,Chandigarh,DEBIT,23.0,30,MEDIUM
10193051,14649,307,99882.92,2024-06-22 17:42:18,SUCCESS,NETBANKING,Chandigarh,CREDIT,4205.216666666666,30,MEDIUM
10193095,14649,771,89894.63,2024-06-22 18:03:18,SUCCESS,UPI,Chandigarh,DEBIT,21.0,30,MEDIUM
10013283,14650,58,56972.11,2024-01-12 09:56:03,SUCCESS,NETBANKING,Mumbai,CREDIT,,30,MEDIUM
10013324,14650,36,51274.9,2024-01-12 10:22:03,SUCCESS,UPI,Mumbai,DEBIT,26.0,30,MEDIUM
10033326,14650,690,62037.85,2024-01-28 22:37:33,SUCCESS,NETBANKING,Mumbai,CREDIT,23775.5,30,MEDIUM
10033333,14650,76,55834.07,2024-01-28 22:51:33,SUCCESS,UPI,Mumbai,DEBIT,14.0,30,MEDIUM
10081081,14650,165,53619.81,2024-03-12 21:43:00,SUCCESS,NETBANKING,Mumbai,CREDIT,63291.45,30,MEDIUM
10082421,14650,94,93968.02,2024-03-14 07:54:22,SUCCESS,NETBANKING,Mumbai,CREDIT,2021.3666666666666,30,MEDIUM
10082425,14650,449,84571.22,2024-03-14 08:01:22,SUCCESS,UPI,Mumbai,DEBIT,7.0,30,MEDIUM
10147103,14650,662,69745.11,2024-05-12 18:09:40,SUCCESS,NETBANKING,Mumbai,CREDIT,2759.383333333333,30,MEDIUM
10147158,14650,528,62770.6,2024-05-12 18:35:40,SUCCESS,UPI,Mumbai,DEBIT,26.0,30,MEDIUM
10150599,14650,666,51483.53,2024-05-15 17:25:27,SUCCESS,NETBANKING,Mumbai,CREDIT,4249.783333333334,30,MEDIUM
10190214,14650,505,97221.26,2024-06-20 12:25:18,SUCCESS,NETBANKING,Mumbai,CREDIT,51518.85,30,MEDIUM
10190221,14650,195,87499.13,2024-06-20 12:30:18,SUCCESS,UPI,Mumbai,DEBIT,5.0,60,HIGH
10127695,14657,501,4378.76,2024-04-24 14:45:47,SUCCESS,CARD,Surat,REFUND,3.8333333333333335,30,MEDIUM
10036000,14662,325,6113.61,2024-02-03 11:23:47,SUCCESS,NETBANKING,Indore,DEBIT,3.8666666666666667,30,MEDIUM
10150391,14696,220,1413.53,2024-05-15 14:21:00,SUCCESS,NETBANKING,Vadodara,DEBIT,2.0,30,MEDIUM
10170936,14698,447,7531.95,2024-06-04 13:35:00,SUCCESS,CARD,Kochi,DEBIT,2.0,30,MEDIUM
10184264,14700,46,5880.96,2024-06-15 13:32:00,SUCCESS,CARD,Vadodara,DEBIT,2.0,30,MEDIUM
10176294,14701,462,4867.25,2024-06-08 19:30:00,SUCCESS,UPI,Bengaluru,DEBIT,1.0,30,MEDIUM
10140703,14703,688,5897.83,2024-05-07 14:30:00,SUCCESS,UPI,Lucknow,DEBIT,1.0,30,MEDIUM
10181306,14704,487,4579.43,2024-06-12 22:48:00,SUCCESS,UPI,Indore,DEBIT,2.0,30,MEDIUM
10165790,14720,377,7531.39,2024-05-28 12:04:00,SUCCESS,CARD,Ahmedabad,DEBIT,4.0,30,MEDIUM
10144429,14721,540,4374.64,2024-05-10 15:13:00,SUCCESS,UPI,Kochi,DEBIT,0.0,30,MEDIUM
10147434,14721,33,1242.73,2024-05-12 22:39:00,SUCCESS,CARD,Kochi,DEBIT,5.0,30,MEDIUM
10182813,14722,299,4008.81,2024-06-14 10:09:00,SUCCESS,UPI,Delhi,DEBIT,1.0,30,MEDIUM
10174050,14724,74,4353.39,2024-06-07 01:42:00,SUCCESS,UPI,Nagpur,DEBIT,5.0,50,MEDIUM
10153929,14725,456,1470.02,2024-05-18 16:05:00,SUCCESS,UPI,Kolkata,DEBIT,2.0,30,MEDIUM
10153551,14726,45,4249.07,2024-05-18 10:39:00,SUCCESS,UPI,Visakhapatnam,DEBIT,3.0,30,MEDIUM
10195045,14727,32,627.03,2024-06-24 11:24:00,SUCCESS,CARD,Thiruvananthapuram,DEBIT,3.0,30,MEDIUM
10185446,14728,52,2562.34,2024-06-16 13:32:00,SUCCESS,UPI,Bengaluru,DEBIT,1.0,30,MEDIUM
10142637,14731,229,2480.77,2024-05-09 06:25:00,SUCCESS,CARD,Kolkata,DEBIT,2.0,30,MEDIUM
10181440,14732,642,1126.6,2024-06-13 06:23:00,SUCCESS,UPI,Hyderabad,DEBIT,1.0,30,MEDIUM
10146725,14733,351,1223.69,2024-05-12 12:49:00,SUCCESS,UPI,Lucknow,DEBIT,1.0,30,MEDIUM
10147008,14733,402,1169.08,2024-05-12 17:04:00,SUCCESS,UPI,Lucknow,DEBIT,1.0,30,MEDIUM
10149390,14733,316,3869.24,2024-05-14 16:42:00,SUCCESS,CARD,Lucknow,DEBIT,0.0,30,MEDIUM
10147759,14734,596,1161.22,2024-05-13 10:39:00,SUCCESS,UPI,Bengaluru,DEBIT,2.0,30,MEDIUM
10148651,14734,313,3512.89,2024-05-14 00:12:00,SUCCESS,UPI,Bengaluru,DEBIT,2.0,50,MEDIUM
10149966,14734,698,1921.19,2024-05-15 08:18:00,SUCCESS,WALLET,Bengaluru,DEBIT,5.0,30,MEDIUM
10157531,14735,60,1492.12,2024-05-21 16:00:00,SUCCESS,NETBANKING,Ahmedabad,DEBIT,3.0,30,MEDIUM
10159547,14735,708,2218.12,2024-05-23 08:55:00,SUCCESS,CARD,Ahmedabad,DEBIT,5.0,30,MEDIUM
10159551,14735,756,1632.09,2024-05-23 08:59:00,SUCCESS,NETBANKING,Ahmedabad,DEBIT,4.0,30,MEDIUM
10163028,14735,403,3154.62,2024-05-26 01:17:00,SUCCESS,UPI,Ahmedabad,DEBIT,1.0,50,MEDIUM
10138976,14736,678,2536.58,2024-05-06 03:37:00,SUCCESS,WALLET,Kochi,DEBIT,2.0,50,MEDIUM
10139182,14736,81,1785.3,2024-05-06 10:15:00,SUCCESS,UPI,Kochi,DEBIT,2.0,30,MEDIUM
10145096,14736,342,3057.62,2024-05-11 05:35:00,SUCCESS,UPI,Kochi,DEBIT,1.0,30,MEDIUM
10146311,14736,33,667.0,2024-05-12 03:56:00,SUCCESS,UPI,Kochi,DEBIT,1.0,50,MEDIUM
10196430,14737,302,1392.93,2024-06-25 14:01:00,SUCCESS,CARD,Pune,DEBIT,5.0,30,MEDIUM
10176104,14738,442,3879.88,2024-06-08 17:32:00,SUCCESS,UPI,Indore,DEBIT,2.0,30,MEDIUM
10180192,14738,778,1768.58,2024-06-12 07:35:00,SUCCESS,CARD,Indore,DEBIT,3.0,30,MEDIUM
10186198,14739,324,2013.22,2024-06-17 04:35:00,SUCCESS,UPI,Ahmedabad,DEBIT,2.0,50,MEDIUM
10187179,14739,667,3687.61,2024-06-17 20:15:00,SUCCESS,WALLET,Ahmedabad,DEBIT,5.0,30,MEDIUM
10187411,14739,208,4000.99,2024-06-18 04:49:00,SUCCESS,CARD,Ahmedabad,DEBIT,2.0,50,MEDIUM
10176600,14740,111,3878.63,2024-06-09 06:30:00,SUCCESS,NETBANKING,Chandigarh,DEBIT,5.0,30,MEDIUM
10178414,14740,348,4476.29,2024-06-10 17:04:00,SUCCESS,CARD,Chandigarh,DEBIT,5.0,30,MEDIUM
10179861,14740,528,1526.67,2024-06-11 19:38:00,SUCCESS,CARD,Chandigarh,DEBIT,4.0,30,MEDIUM
10181192,14740,777,2315.65,2024-06-12 20:24:00,SUCCESS,CARD,Chandigarh,DEBIT,1.0,30,MEDIUM
10188155,14750,299,383.55,2024-06-18 17:54:17,SUCCESS,CARD,Delhi,DEBIT,1.75,30,MEDIUM
